Season,Round,Day,Date,Results,Home,Country (Home),Points (Home),Score (Home),Score (Away),Points (Away),Country (Away),Away,Venue,Referee
2023-2024,Round of 16,Tue,2024-02-13,A,RB Leipzig,Germany,88.73669772256729,0,1,114.5545351473923,Spain,Real Madrid,Red Bull Arena,Irfan Peljto
2023-2024,Round of 16,Tue,2024-02-13,A,FC Copenhagen,Denmark,80.43164682539681,1,3,113.8942857142857,England,Manchester City,Parken,José Sánchez
2023-2024,Round of 16,Wed,2024-02-14,H,Paris S-G,France,114.33458049886625,2,0,84.11433150183149,Spain,Real Sociedad,Parc des Princes,Marco Guida
2023-2024,Round of 16,Wed,2024-02-14,H,Lazio,Italy,99.94331065759637,1,0,107.882298136646,Germany,Bayern Munich,Stadio Olimpico,François Letexier
2023-2024,Round of 16,Tue,2024-02-20,D,PSV Eindhoven,The Netherlands,98.78490259740259,1,1,91.17303312629399,Germany,Dortmund,Philips Stadion,Srđan Jovanović
2023-2024,Round of 16,Tue,2024-02-20,H,Inter,Italy,100.45454545454545,1,0,96.68419913419915,Spain,Atlético Madrid,Stadio Giuseppe Meazza,István Kovács
2023-2024,Round of 16,Wed,2024-02-21,H,Porto,Portugal,88.09409523809524,1,0,103.23441558441559,England,Arsenal,Estádio Do Dragão,Serdar Gözübüyük
2023-2024,Round of 16,Wed,2024-02-21,D,Napoli,Italy,92.83167701863354,1,1,106.95809523809523,Spain,Barcelona,Stadio Diego Armando Maradona,Felix Zwayer
2023-2024,Round of 16,Tue,2024-03-05,A,Real Sociedad,Spain,84.11433150183149,1,2,114.33458049886625,France,Paris S-G,Reale Arena,Michael Oliver
2023-2024,Round of 16,Tue,2024-03-05,H,Bayern Munich,Germany,107.882298136646,3,0,99.94331065759637,Italy,Lazio,Allianz Arena,Slavko Vinčič
2023-2024,Round of 16,Wed,2024-03-06,H,Manchester City,England,113.8942857142857,3,1,80.43164682539681,Denmark,FC Copenhagen,Etihad Stadium,Espen Eskås
2023-2024,Round of 16,Wed,2024-03-06,D,Real Madrid,Spain,114.5545351473923,1,1,88.73669772256729,Germany,RB Leipzig,Estadio Santiago Bernabéu,Davide Massa
2023-2024,Round of 16,Tue,2024-03-12,H,Arsenal,England,103.23441558441559,1,0,88.09409523809524,Portugal,Porto,Emirates Stadium,Clément Turpin
2023-2024,Round of 16,Tue,2024-03-12,H,Barcelona,Spain,106.95809523809523,3,1,92.83167701863354,Italy,Napoli,Estadi Olímpic Lluís Companys,Danny Makkelie
2023-2024,Round of 16,Wed,2024-03-13,H,Atlético Madrid,Spain,96.68419913419915,2,1,100.45454545454545,Italy,Inter,Stadium Metropolitano,Szymon Marciniak
2023-2024,Round of 16,Wed,2024-03-13,H,Dortmund,Germany,91.17303312629399,2,0,98.78490259740259,The Netherlands,PSV Eindhoven,Signal Iduna Park,Daniele Orsato
2023-2024,Quarter-finals,Tue,2024-04-09,D,Arsenal,England,103.23441558441559,2,2,107.882298136646,Germany,Bayern Munich,Emirates Stadium,Glenn Nyberg
2023-2024,Quarter-finals,Tue,2024-04-09,D,Real Madrid,Spain,114.5545351473923,3,3,113.8942857142857,England,Manchester City,Estadio Santiago Bernabéu,François Letexier
2023-2024,Quarter-finals,Wed,2024-04-10,H,Atlético Madrid,Spain,96.68419913419915,2,1,91.17303312629399,Germany,Dortmund,Estadio Cívitas Metropolitano,Marco Guida
2023-2024,Quarter-finals,Wed,2024-04-10,A,Paris S-G,France,114.33458049886625,2,3,106.95809523809523,Spain,Barcelona,Parc des Princes,Anthony Taylor
2023-2024,Quarter-finals,Tue,2024-04-16,H,Dortmund,Germany,91.17303312629399,4,2,96.68419913419915,Spain,Atlético Madrid,Signal Iduna Park,Slavko Vinčič
2023-2024,Quarter-finals,Tue,2024-04-16,A,Barcelona,Spain,106.95809523809523,1,4,114.33458049886625,France,Paris S-G,Estadi Olímpic Lluís Companys,István Kovács
2023-2024,Quarter-finals,Wed,2024-04-17,D,Manchester City,England,113.8942857142857,1,1,114.5545351473923,Spain,Real Madrid,Etihad Stadium,Daniele Orsato
2023-2024,Quarter-finals,Wed,2024-04-17,H,Bayern Munich,Germany,107.882298136646,1,0,103.23441558441559,England,Arsenal,Allianz Arena,Danny Makkelie
2022-2023,Round of 16,Tue,2023-02-14,H,Milan,Italy,100.8095046897547,1,0,94.34833333333334,England,Tottenham,Stadio Giuseppe Meazza,Sandro Schärer
2022-2023,Round of 16,Tue,2023-02-14,A,Paris S-G,France,102.44954648526075,0,1,119.13854166666665,Germany,Bayern Munich,Parc des Princes,Michael Oliver
2022-2023,Round of 16,Wed,2023-02-15,A,Club Brugge,Belgium,77.52738095238095,0,2,96.45069444444444,Portugal,Benfica,Jan Breydelstadion,Davide Massa
2022-2023,Round of 16,Wed,2023-02-15,H,Dortmund,Germany,89.1190476190476,1,0,110.56771978021979,England,Chelsea,Signal Iduna Park,Jesús Gil
2022-2023,Round of 16,Tue,2023-02-21,A,Liverpool,England,96.15242857142857,2,5,118.5133313656041,Spain,Real Madrid,Anfield,István Kovács
2022-2023,Round of 16,Tue,2023-02-21,A,Eint Frankfurt,Germany,88.2069264069264,0,2,108.57178932178932,Italy,Napoli,Deutsche Bank Park,Artur Dias
2022-2023,Round of 16,Wed,2023-02-22,H,Inter,Italy,101.13583706697345,1,0,82.8640873015873,Portugal,Porto,Stadio Giuseppe Meazza,Srđan Jovanović
2022-2023,Round of 16,Wed,2023-02-22,D,RB Leipzig,Germany,94.50221861471863,1,1,132.74482467653118,England,Manchester City,Red Bull Arena,Serdar Gözübüyük
2022-2023,Round of 16,Tue,2023-03-07,H,Benfica,Portugal,96.45069444444444,5,1,77.52738095238095,Belgium,Club Brugge,Estádio do Sport Lisboa e Benfica,Halil Umut Meler
2022-2023,Round of 16,Tue,2023-03-07,H,Chelsea,England,110.56771978021979,2,0,89.1190476190476,Germany,Dortmund,Stamford Bridge,Danny Makkelie
2022-2023,Round of 16,Wed,2023-03-08,D,Tottenham,England,94.34833333333334,0,0,100.8095046897547,Italy,Milan,Tottenham Hotspur Stadium,Clément Turpin
2022-2023,Round of 16,Wed,2023-03-08,H,Bayern Munich,Germany,119.13854166666665,2,0,102.44954648526075,France,Paris S-G,Allianz Arena,Daniele Orsato
2022-2023,Round of 16,Tue,2023-03-14,D,Porto,Portugal,82.8640873015873,0,0,101.13583706697345,Italy,Inter,Estádio Do Dragão,Szymon Marciniak
2022-2023,Round of 16,Tue,2023-03-14,H,Manchester City,England,132.74482467653118,7,0,94.50221861471863,Germany,RB Leipzig,Etihad Stadium,Slavko Vinčič
2022-2023,Round of 16,Wed,2023-03-15,H,Real Madrid,Spain,118.5133313656041,1,0,96.15242857142857,England,Liverpool,Estadio Santiago Bernabéu,Felix Zwayer
2022-2023,Round of 16,Wed,2023-03-15,H,Napoli,Italy,108.57178932178932,3,0,88.2069264069264,Germany,Eint Frankfurt,Stadio Diego Armando Maradona,Anthony Taylor
2022-2023,Quarter-finals,Tue,2023-04-11,A,Benfica,Portugal,96.45069444444444,0,2,101.13583706697345,Italy,Inter,Estádio da Luz (1954),Michael Oliver
2022-2023,Quarter-finals,Tue,2023-04-11,H,Manchester City,England,132.74482467653118,3,0,119.13854166666665,Germany,Bayern Munich,Etihad Stadium,Jesús Gil
2022-2023,Quarter-finals,Wed,2023-04-12,H,Milan,Italy,100.8095046897547,1,0,108.57178932178932,Italy,Napoli,Stadio Giuseppe Meazza,István Kovács
2022-2023,Quarter-finals,Wed,2023-04-12,H,Real Madrid,Spain,118.5133313656041,2,0,110.56771978021979,England,Chelsea,Estadio Santiago Bernabéu,François Letexier
2022-2023,Quarter-finals,Tue,2023-04-18,A,Chelsea,England,110.56771978021979,0,2,118.5133313656041,Spain,Real Madrid,Stamford Bridge,Daniele Orsato
2022-2023,Quarter-finals,Tue,2023-04-18,D,Napoli,Italy,108.57178932178932,1,1,100.8095046897547,Italy,Milan,Stadio Diego Armando Maradona,Szymon Marciniak
2022-2023,Quarter-finals,Wed,2023-04-19,D,Inter,Italy,101.13583706697345,3,3,96.45069444444444,Portugal,Benfica,Stadio Giuseppe Meazza,Carlos del Cerro
2022-2023,Quarter-finals,Wed,2023-04-19,D,Bayern Munich,Germany,119.13854166666665,1,1,132.74482467653118,England,Manchester City,Allianz Arena,Clément Turpin
2022-2023,Semi-finals,Tue,2023-05-09,D,Real Madrid,Spain,118.5133313656041,1,1,132.74482467653118,England,Manchester City,Estadio Santiago Bernabéu,Artur Dias
2022-2023,Semi-finals,Wed,2023-05-10,A,Milan,Italy,100.8095046897547,0,2,101.13583706697345,Italy,Inter,Stadio Giuseppe Meazza,Jesús Gil
2022-2023,Semi-finals,Tue,2023-05-16,H,Inter,Italy,101.13583706697345,1,0,100.8095046897547,Italy,Milan,Stadio Giuseppe Meazza,Clément Turpin
2022-2023,Semi-finals,Wed,2023-05-17,H,Manchester City,England,132.74482467653118,4,0,118.5133313656041,Spain,Real Madrid,Etihad Stadium,Szymon Marciniak
2022-2023,Final,Sat,2023-06-10,H,Manchester City,England,132.74482467653118,1,0,101.13583706697345,Italy,Inter,Atatürk Olimpiyat Stadı (Neutral Site),Szymon Marciniak
2021-2022,Round of 16,Tue,2022-02-15,A,Sporting CP,Portugal,77.26891534391534,0,5,130.89108397158398,England,Manchester City,Estádio José Alvalade,Srdjan Stojanovic
2021-2022,Round of 16,Tue,2022-02-15,H,Paris S-G,France,99.23004535147393,1,0,92.65321849099973,Spain,Real Madrid,Parc des Princes,Daniele Orsato
2021-2022,Round of 16,Wed,2022-02-16,A,Inter,Italy,96.05043290043291,0,2,115.87458199340342,England,Liverpool,Stadio Giuseppe Meazza,Szymon Marciniak
2021-2022,Round of 16,Wed,2022-02-16,D,RB Salzburg,Austria,89.75850340136056,1,1,126.76851851851852,Germany,Bayern Munich,Red Bull Arena,Michael Oliver
2021-2022,Round of 16,Tue,2022-02-22,H,Chelsea,England,122.58771494708992,2,0,89.70942028985507,France,Lille,Stamford Bridge,Jesús Gil
2021-2022,Round of 16,Tue,2022-02-22,D,Villarreal,Spain,68.90274414141415,1,1,82.48630952380951,Italy,Juventus,Estadio de la Cerámica,Daniel Siebert
2021-2022,Round of 16,Wed,2022-02-23,D,Benfica,Portugal,85.59965277777779,2,2,116.96910430839004,The Netherlands,Ajax,Estádio do Sport Lisboa e Benfica,Slavko Vinčič
2021-2022,Round of 16,Wed,2022-02-23,D,Atlético Madrid,Spain,96.57245670995668,1,1,81.04331797235025,England,Manchester Utd,Estadio Wanda Metropolitano,Ovidiu Hațegan
2021-2022,Round of 16,Tue,2022-03-08,A,Liverpool,England,115.87458199340342,0,1,96.05043290043291,Italy,Inter,Anfield,Antonio Matéu Lahoz
2021-2022,Round of 16,Tue,2022-03-08,H,Bayern Munich,Germany,126.76851851851852,7,1,89.75850340136056,Austria,RB Salzburg,Allianz Arena,Clément Turpin
2021-2022,Round of 16,Wed,2022-03-09,D,Manchester City,England,130.89108397158398,0,0,77.26891534391534,Portugal,Sporting CP,Etihad Stadium,Halil Umut Meler
2021-2022,Round of 16,Wed,2022-03-09,H,Real Madrid,Spain,92.65321849099973,3,1,99.23004535147393,France,Paris S-G,Estadio Santiago Bernabéu,Danny Makkelie
2021-2022,Round of 16,Tue,2022-03-15,A,Manchester Utd,England,81.04331797235025,0,1,96.57245670995668,Spain,Atlético Madrid,Old Trafford,Slavko Vinčič
2021-2022,Round of 16,Tue,2022-03-15,A,Ajax,The Netherlands,116.96910430839004,0,1,85.59965277777779,Portugal,Benfica,Johan Cruyff ArenA,Carlos del Cerro
2021-2022,Round of 16,Wed,2022-03-16,A,Juventus,Italy,82.48630952380951,0,3,68.90274414141415,Spain,Villarreal,Allianz Stadium,Szymon Marciniak
2021-2022,Round of 16,Wed,2022-03-16,A,Lille,France,89.70942028985507,1,2,122.58771494708992,England,Chelsea,Stade Pierre-Mauroy,Davide Massa
2021-2022,Quarter-finals,Tue,2022-04-05,H,Manchester City,England,130.89108397158398,1,0,96.57245670995668,Spain,Atlético Madrid,Etihad Stadium,István Kovács
2021-2022,Quarter-finals,Tue,2022-04-05,A,Benfica,Portugal,85.59965277777779,1,3,115.87458199340342,England,Liverpool,Estádio do Sport Lisboa e Benfica,Jesús Gil
2021-2022,Quarter-finals,Wed,2022-04-06,A,Chelsea,England,122.58771494708992,1,3,92.65321849099973,Spain,Real Madrid,Stamford Bridge,Clément Turpin
2021-2022,Quarter-finals,Wed,2022-04-06,H,Villarreal,Spain,68.90274414141415,1,0,126.76851851851852,Germany,Bayern Munich,Estadio de la Cerámica,Anthony Taylor
2021-2022,Quarter-finals,Tue,2022-04-12,A,Real Madrid,Spain,92.65321849099973,2,3,122.58771494708992,England,Chelsea,Estadio Santiago Bernabéu,Szymon Marciniak
2021-2022,Quarter-finals,Tue,2022-04-12,D,Bayern Munich,Germany,126.76851851851852,1,1,68.90274414141415,Spain,Villarreal,Allianz Arena,Slavko Vinčič
2021-2022,Quarter-finals,Wed,2022-04-13,D,Liverpool,England,115.87458199340342,3,3,85.59965277777779,Portugal,Benfica,Anfield,Serdar Gözübüyük
2021-2022,Quarter-finals,Wed,2022-04-13,D,Atlético Madrid,Spain,96.57245670995668,0,0,130.89108397158398,England,Manchester City,Estadio Wanda Metropolitano,Daniel Siebert
2021-2022,Semi-finals,Tue,2022-04-26,H,Manchester City,England,130.89108397158398,4,3,92.65321849099973,Spain,Real Madrid,Etihad Stadium,István Kovács
2021-2022,Semi-finals,Wed,2022-04-27,H,Liverpool,England,115.87458199340342,2,0,68.90274414141415,Spain,Villarreal,Anfield,Szymon Marciniak
2021-2022,Semi-finals,Tue,2022-05-03,A,Villarreal,Spain,68.90274414141415,2,3,115.87458199340342,England,Liverpool,Estadio de la Cerámica,Danny Makkelie
2021-2022,Semi-finals,Wed,2022-05-04,H,Real Madrid,Spain,92.65321849099973,3,1,130.89108397158398,England,Manchester City,Estadio Santiago Bernabéu,Daniele Orsato
2021-2022,Final,Sat,2022-05-28,A,Liverpool,England,115.87458199340342,0,1,92.65321849099973,Spain,Real Madrid,Stade de France (Neutral Site),Clément Turpin
2020-2021,Round of 16,Tue,2021-02-16,A,RB Leipzig,Germany,102.27916666666667,0,2,102.8073754789272,England,Liverpool,Puskás Aréna (Neutral Site),Slavko Vinčič
2020-2021,Round of 16,Tue,2021-02-16,A,Barcelona,Spain,101.10798059964726,1,4,101.4470964301399,France,Paris S-G,Camp Nou,Björn Kuipers
2020-2021,Round of 16,Wed,2021-02-17,H,Porto,Portugal,84.16055555555553,2,1,111.9878787878788,Italy,Juventus,Estádio Do Dragão,Carlos del Cerro
2020-2021,Round of 16,Wed,2021-02-17,A,Sevilla,Spain,92.44285714285712,2,3,103.13258547008549,Germany,Dortmund,Estadio Ramón Sánchez Pizjuán,Danny Makkelie
2020-2021,Round of 16,Tue,2021-02-23,A,Lazio,Italy,85.84719047619048,1,4,118.24693223443222,Germany,Bayern Munich,Stadio Olimpico,Orel Grinfeeld
2020-2021,Round of 16,Tue,2021-02-23,A,Atlético Madrid,Spain,104.0549404761905,0,1,114.2318424908425,England,Chelsea,Arena Naţională (Neutral Site),Felix Brych
2020-2021,Round of 16,Wed,2021-02-24,A,M'Gladbach,Germany,83.47551020408163,0,2,125.82565095793093,England,Manchester City,Puskás Aréna (Neutral Site),Artur Soares Dias
2020-2021,Round of 16,Wed,2021-02-24,A,Atalanta,Italy,86.58919047619047,0,1,115.69190303030304,Spain,Real Madrid,Stadio Atleti Azzurri d'Italia,Tobias Stieler
2020-2021,Round of 16,Tue,2021-03-09,D,Dortmund,Germany,103.13258547008549,2,2,92.44285714285712,Spain,Sevilla,Fußballpark BVB Hohenbuschei,Cüneyt Çakιr
2020-2021,Round of 16,Tue,2021-03-09,H,Juventus,Italy,111.9878787878788,3,2,84.16055555555553,Portugal,Porto,Allianz Stadium,Björn Kuipers
2020-2021,Round of 16,Wed,2021-03-10,H,Liverpool,England,102.8073754789272,2,0,102.27916666666667,Germany,RB Leipzig,Puskás Aréna (Neutral Site),Clément Turpin
2020-2021,Round of 16,Wed,2021-03-10,D,Paris S-G,France,101.4470964301399,1,1,101.10798059964726,Spain,Barcelona,Parc des Princes,Anthony Taylor
2020-2021,Round of 16,Tue,2021-03-16,H,Manchester City,England,125.82565095793093,2,0,83.47551020408163,Germany,M'Gladbach,Puskás Aréna (Neutral Site),Sergey Karasev
2020-2021,Round of 16,Tue,2021-03-16,H,Real Madrid,Spain,115.69190303030304,3,1,86.58919047619047,Italy,Atalanta,Estadio Alfredo Di Stéfano,Danny Makkelie
2020-2021,Round of 16,Wed,2021-03-17,H,Chelsea,England,114.2318424908425,2,0,104.0549404761905,Spain,Atlético Madrid,Stamford Bridge,Daniele Orsato
2020-2021,Round of 16,Wed,2021-03-17,H,Bayern Munich,Germany,118.24693223443222,2,1,85.84719047619048,Italy,Lazio,Allianz Arena,István Kovács
2020-2021,Quarter-finals,Tue,2021-04-06,H,Manchester City,England,125.82565095793093,2,1,103.13258547008549,Germany,Dortmund,Etihad Stadium,Ovidiu Hațegan
2020-2021,Quarter-finals,Tue,2021-04-06,H,Real Madrid,Spain,115.69190303030304,3,1,102.8073754789272,England,Liverpool,Estadio Alfredo Di Stéfano,Felix Brych
2020-2021,Quarter-finals,Wed,2021-04-07,A,Porto,Portugal,84.16055555555553,0,2,114.2318424908425,England,Chelsea,Estadio Ramón Sánchez Pizjuán (Neutral Site),Slavko Vinčič
2020-2021,Quarter-finals,Wed,2021-04-07,A,Bayern Munich,Germany,118.24693223443222,2,3,101.4470964301399,France,Paris S-G,Allianz Arena,Antonio Matéu Lahoz
2020-2021,Quarter-finals,Tue,2021-04-13,A,Chelsea,England,114.2318424908425,0,1,84.16055555555553,Portugal,Porto,Estadio Ramón Sánchez Pizjuán (Neutral Site),Clément Turpin
2020-2021,Quarter-finals,Tue,2021-04-13,A,Paris S-G,France,101.4470964301399,0,1,118.24693223443222,Germany,Bayern Munich,Parc des Princes,Daniele Orsato
2020-2021,Quarter-finals,Wed,2021-04-14,D,Liverpool,England,102.8073754789272,0,0,115.69190303030304,Spain,Real Madrid,Anfield,Björn Kuipers
2020-2021,Quarter-finals,Wed,2021-04-14,A,Dortmund,Germany,103.13258547008549,1,2,125.82565095793093,England,Manchester City,Signal Iduna Park,Carlos del Cerro
2020-2021,Semi-finals,Tue,2021-04-27,D,Real Madrid,Spain,115.69190303030304,1,1,114.2318424908425,England,Chelsea,Estadio Alfredo Di Stéfano,Danny Makkelie
2020-2021,Semi-finals,Wed,2021-04-28,A,Paris S-G,France,101.4470964301399,1,2,125.82565095793093,England,Manchester City,Parc des Princes,Felix Brych
2020-2021,Semi-finals,Tue,2021-05-04,H,Manchester City,England,125.82565095793093,2,0,101.4470964301399,France,Paris S-G,Etihad Stadium,Björn Kuipers
2020-2021,Semi-finals,Wed,2021-05-05,H,Chelsea,England,114.2318424908425,2,0,115.69190303030304,Spain,Real Madrid,Stamford Bridge,Daniele Orsato
2020-2021,Final,Sat,2021-05-29,A,Manchester City,England,125.82565095793093,0,1,114.2318424908425,England,Chelsea,Estádio Do Dragão (Neutral Site),Antonio Matéu Lahoz
2019-2020,Round of 16,Tue,2020-02-18,H,Atlético Madrid,Spain,115.36249055177625,1,0,143.0418546365915,England,Liverpool,Estadio Wanda Metropolitano,Szymon Marciniak
2019-2020,Round of 16,Tue,2020-02-18,H,Dortmund,Germany,103.36076388888888,2,1,112.06096380471381,France,Paris S-G,Signal Iduna Park,Antonio Matéu Lahoz
2019-2020,Round of 16,Wed,2020-02-19,A,Tottenham,England,95.97193877551022,0,1,119.98025396825396,Germany,RB Leipzig,Tottenham Hotspur Stadium,Cüneyt Çakιr
2019-2020,Round of 16,Wed,2020-02-19,H,Atalanta,Italy,100.49770531400968,4,1,98.46977225672879,Spain,Valencia,Stadio Giuseppe Meazza,Michael Oliver
2019-2020,Round of 16,Tue,2020-02-25,A,Chelsea,England,112.78733766233766,0,3,149.2457196969697,Germany,Bayern Munich,Stamford Bridge,Clément Turpin
2019-2020,Round of 16,Tue,2020-02-25,D,Napoli,Italy,95.62276785714288,1,1,112.08359788359786,Spain,Barcelona,Stadio San Paolo,Felix Brych
2019-2020,Round of 16,Wed,2020-02-26,A,Real Madrid,Spain,105.07414285714287,1,2,122.84302967563838,England,Manchester City,Estadio Santiago Bernabéu,Daniele Orsato
2019-2020,Round of 16,Wed,2020-02-26,H,Lyon,France,101.01605489417987,1,0,107.664182194617,Italy,Juventus,Groupama Stadium,Jesús Gil
2019-2020,Round of 16,Tue,2020-03-10,A,Valencia,Spain,98.46977225672879,3,4,100.49770531400968,Italy,Atalanta,Estadio de Mestalla,Ovidiu Hațegan
2019-2020,Round of 16,Tue,2020-03-10,H,RB Leipzig,Germany,119.98025396825396,3,0,95.97193877551022,England,Tottenham,Red Bull Arena,Carlos del Cerro
2019-2020,Round of 16,Wed,2020-03-11,A,Liverpool,England,143.0418546365915,2,3,115.36249055177625,Spain,Atlético Madrid,Anfield,Danny Makkelie
2019-2020,Round of 16,Wed,2020-03-11,H,Paris S-G,France,112.06096380471381,2,0,103.36076388888888,Germany,Dortmund,Parc des Princes,Anthony Taylor
2019-2020,Round of 16,Fri,2020-08-07,H,Manchester City,England,122.84302967563838,2,1,105.07414285714287,Spain,Real Madrid,Etihad Stadium,Felix Brych
2019-2020,Round of 16,Fri,2020-08-07,H,Juventus,Italy,107.664182194617,2,1,101.01605489417987,France,Lyon,Allianz Stadium,Felix Zwayer
2019-2020,Round of 16,Sat,2020-08-08,H,Barcelona,Spain,112.08359788359786,3,1,95.62276785714288,Italy,Napoli,Camp Nou,Cüneyt Çakιr
2019-2020,Round of 16,Sat,2020-08-08,H,Bayern Munich,Germany,149.2457196969697,4,1,112.78733766233766,England,Chelsea,Allianz Arena,Ovidiu Hațegan
2019-2020,Quarter-finals,Wed,2020-08-12,A,Atalanta,Italy,100.49770531400968,1,2,112.06096380471381,France,Paris S-G,Estádio do Sport Lisboa e Benfica (Neutral Site),Anthony Taylor
2019-2020,Quarter-finals,Thu,2020-08-13,H,RB Leipzig,Germany,119.98025396825396,2,1,115.36249055177625,Spain,Atlético Madrid,Estádio José Alvalade (Neutral Site),Szymon Marciniak
2019-2020,Quarter-finals,Fri,2020-08-14,A,Barcelona,Spain,112.08359788359786,2,8,149.2457196969697,Germany,Bayern Munich,Estádio do Sport Lisboa e Benfica (Neutral Site),Damir Skomina
2019-2020,Quarter-finals,Sat,2020-08-15,A,Manchester City,England,122.84302967563838,1,3,101.01605489417987,France,Lyon,Estádio José Alvalade (Neutral Site),Danny Makkelie
2019-2020,Semi-finals,Tue,2020-08-18,A,RB Leipzig,Germany,119.98025396825396,0,3,112.06096380471381,France,Paris S-G,Estádio do Sport Lisboa e Benfica (Neutral Site),Björn Kuipers
2019-2020,Semi-finals,Wed,2020-08-19,A,Lyon,France,101.01605489417987,0,3,149.2457196969697,Germany,Bayern Munich,Estádio José Alvalade (Neutral Site),Antonio Matéu Lahoz
2019-2020,Final,Sun,2020-08-23,A,Paris S-G,France,112.06096380471381,0,1,149.2457196969697,Germany,Bayern Munich,Estádio do Sport Lisboa e Benfica (Neutral Site),Daniele Orsato
2018-2019,Round of 16,Tue,2019-02-12,A,Manchester Utd,England,107.03365384615383,0,2,109.68666666666665,France,Paris S-G,Old Trafford,Daniele Orsato
2018-2019,Round of 16,Tue,2019-02-12,H,Roma,Italy,108.57748015873017,2,1,98.31866666666667,Portugal,Porto,Stadio Olimpico,Jochem Kamphuis
2018-2019,Round of 16,Wed,2019-02-13,H,Tottenham,England,120.95228735269363,3,0,111.2577380952381,Germany,Dortmund,Wembley Stadium,Antonio Matéu Lahoz
2018-2019,Round of 16,Wed,2019-02-13,A,Ajax,The Netherlands,104.77297061524332,1,2,127.44866071428571,Spain,Real Madrid,Johan Cruyff ArenA,Szymon Marciniak
2018-2019,Round of 16,Tue,2019-02-19,D,Liverpool,England,119.32719283771785,0,0,113.1735714285714,Germany,Bayern Munich,Anfield,Gianluca Rocchi
2018-2019,Round of 16,Tue,2019-02-19,D,Lyon,France,102.5294217687075,0,0,114.50695169082125,Spain,Barcelona,Groupama Stadium,Cüneyt Çakιr
2018-2019,Round of 16,Wed,2019-02-20,A,Schalke 04,Germany,93.27557319223986,2,3,140.2922335600907,England,Manchester City,Veltins-Arena,Alejandro Hernández
2018-2019,Round of 16,Wed,2019-02-20,H,Atlético Madrid,Spain,109.68395691609976,2,0,119.69177489177491,Italy,Juventus,Estadio Wanda Metropolitano,Felix Zwayer
2018-2019,Round of 16,Tue,2019-03-05,A,Real Madrid,Spain,127.44866071428571,1,4,104.77297061524332,The Netherlands,Ajax,Estadio Santiago Bernabéu,Felix Brych
2018-2019,Round of 16,Tue,2019-03-05,A,Dortmund,Germany,111.2577380952381,0,1,120.95228735269363,England,Tottenham,Signal Iduna Park,Danny Makkelie
2018-2019,Round of 16,Wed,2019-03-06,H,Porto,Portugal,98.31866666666667,3,1,108.57748015873017,Italy,Roma,Estádio Do Dragão,Paweł Gil
2018-2019,Round of 16,Wed,2019-03-06,A,Paris S-G,France,109.68666666666665,1,3,107.03365384615383,England,Manchester Utd,Parc des Princes,Damir Skomina
2018-2019,Round of 16,Tue,2019-03-12,H,Manchester City,England,140.2922335600907,7,0,93.27557319223986,Germany,Schalke 04,Etihad Stadium,Clément Turpin
2018-2019,Round of 16,Tue,2019-03-12,H,Juventus,Italy,119.69177489177491,3,0,109.68395691609976,Spain,Atlético Madrid,Allianz Stadium,Björn Kuipers
2018-2019,Round of 16,Wed,2019-03-13,A,Bayern Munich,Germany,113.1735714285714,1,3,119.32719283771785,England,Liverpool,Allianz Arena,Daniele Orsato
2018-2019,Round of 16,Wed,2019-03-13,H,Barcelona,Spain,114.50695169082125,5,1,102.5294217687075,France,Lyon,Camp Nou,Szymon Marciniak
2018-2019,Quarter-finals,Tue,2019-04-09,H,Tottenham,England,120.95228735269363,1,0,140.2922335600907,England,Manchester City,Tottenham Hotspur Stadium,Björn Kuipers
2018-2019,Quarter-finals,Tue,2019-04-09,H,Liverpool,England,119.32719283771785,2,0,98.31866666666667,Portugal,Porto,Anfield,Antonio Matéu Lahoz
2018-2019,Quarter-finals,Wed,2019-04-10,A,Manchester Utd,England,107.03365384615383,0,1,114.50695169082125,Spain,Barcelona,Old Trafford,Gianluca Rocchi
2018-2019,Quarter-finals,Wed,2019-04-10,D,Ajax,The Netherlands,104.77297061524332,1,1,119.69177489177491,Italy,Juventus,Johan Cruyff ArenA,Carlos del Cerro
2018-2019,Quarter-finals,Tue,2019-04-16,A,Juventus,Italy,119.69177489177491,1,2,104.77297061524332,The Netherlands,Ajax,Allianz Stadium,Clément Turpin
2018-2019,Quarter-finals,Tue,2019-04-16,H,Barcelona,Spain,114.50695169082125,3,0,107.03365384615383,England,Manchester Utd,Camp Nou,Felix Brych
2018-2019,Quarter-finals,Wed,2019-04-17,H,Manchester City,England,140.2922335600907,4,3,120.95228735269363,England,Tottenham,Etihad Stadium,Cüneyt Çakιr
2018-2019,Quarter-finals,Wed,2019-04-17,A,Porto,Portugal,98.31866666666667,1,4,119.32719283771785,England,Liverpool,Estádio Do Dragão,Danny Makkelie
2018-2019,Semi-finals,Tue,2019-04-30,A,Tottenham,England,120.95228735269363,0,1,104.77297061524332,The Netherlands,Ajax,Tottenham Hotspur Stadium,Antonio Matéu Lahoz
2018-2019,Semi-finals,Wed,2019-05-01,H,Barcelona,Spain,114.50695169082125,3,0,119.32719283771785,England,Liverpool,Camp Nou,Björn Kuipers
2018-2019,Semi-finals,Tue,2019-05-07,H,Liverpool,England,119.32719283771785,4,0,114.50695169082125,Spain,Barcelona,Anfield,Cüneyt Çakιr
2018-2019,Semi-finals,Wed,2019-05-08,A,Ajax,The Netherlands,104.77297061524332,2,3,120.95228735269363,England,Tottenham,Johan Cruyff ArenA,Felix Brych
2018-2019,Final,Sat,2019-06-01,A,Tottenham,England,120.95228735269363,0,2,119.32719283771785,England,Liverpool,Estadio Wanda Metropolitano (Neutral Site),Damir Skomina
2017-2018,Round of 16,Tue,2018-02-13,D,Juventus,Italy,105.37777777777778,2,2,95.5051282051282,England,Tottenham,Allianz Stadium,Felix Brych
2017-2018,Round of 16,Tue,2018-02-13,A,Basel,Switzerland,92.29563492063492,0,4,132.41257142857143,England,Manchester City,St. Jakob-Park,Jonas Eriksson
2017-2018,Round of 16,Wed,2018-02-14,A,Porto,Portugal,95.78353174603176,0,5,115.40127190170939,England,Liverpool,Estádio Do Dragão,Daniele Orsato
2017-2018,Round of 16,Wed,2018-02-14,H,Real Madrid,Spain,143.79441276115193,3,1,116.07606516290726,France,Paris S-G,Estadio Ramón Sánchez Pizjuán,Gianluca Rocchi
2017-2018,Round of 16,Tue,2018-02-20,D,Chelsea,England,114.93182957393485,1,1,125.62005772005773,Spain,Barcelona,Stamford Bridge,Cüneyt Çakιr
2017-2018,Round of 16,Tue,2018-02-20,H,Bayern Munich,Germany,151.57194018103107,5,0,95.21966873706003,Türkiye,Beşiktaş,Allianz Arena,Ovidiu Hațegan
2017-2018,Round of 16,Wed,2018-02-21,D,Sevilla,Spain,131.99882756132757,0,0,105.55852380952379,England,Manchester Utd,Estadio Ramón Sánchez Pizjuán,Clément Turpin
2017-2018,Round of 16,Wed,2018-02-21,H,Shakhtar,Ukraine,92.68035714285715,2,1,122.74334015151514,Italy,Roma,Oblasny SportKomplex Metalist,William Collum
2017-2018,Round of 16,Tue,2018-03-06,D,Liverpool,England,115.40127190170939,0,0,95.78353174603176,Portugal,Porto,Anfield,Felix Zwayer
2017-2018,Round of 16,Tue,2018-03-06,A,Paris S-G,France,116.07606516290726,1,2,143.79441276115193,Spain,Real Madrid,Parc des Princes,Felix Brych
2017-2018,Round of 16,Wed,2018-03-07,A,Manchester City,England,132.41257142857143,1,2,92.29563492063492,Switzerland,Basel,Etihad Stadium,Pavel Královec
2017-2018,Round of 16,Wed,2018-03-07,A,Tottenham,England,95.5051282051282,1,2,105.37777777777778,Italy,Juventus,Wembley Stadium,Szymon Marciniak
2017-2018,Round of 16,Tue,2018-03-13,A,Manchester Utd,England,105.55852380952379,1,2,131.99882756132757,Spain,Sevilla,Old Trafford,Danny Makkelie
2017-2018,Round of 16,Tue,2018-03-13,H,Roma,Italy,122.74334015151514,1,0,92.68035714285715,Ukraine,Shakhtar,Stadio Olimpico,Alberto Undiano
2017-2018,Round of 16,Wed,2018-03-14,A,Beşiktaş,Türkiye,95.21966873706003,1,3,151.57194018103107,Germany,Bayern Munich,Vodafone Arena,Michael Oliver
2017-2018,Round of 16,Wed,2018-03-14,H,Barcelona,Spain,125.62005772005773,3,0,114.93182957393485,England,Chelsea,Camp Nou,Damir Skomina
2017-2018,Quarter-finals,Tue,2018-04-03,A,Sevilla,Spain,131.99882756132757,1,2,151.57194018103107,Germany,Bayern Munich,Estadio Ramón Sánchez Pizjuán,Daniele Orsato
2017-2018,Quarter-finals,Tue,2018-04-03,A,Juventus,Italy,105.37777777777778,0,3,143.79441276115193,Spain,Real Madrid,Allianz Stadium,Cüneyt Çakιr
2017-2018,Quarter-finals,Wed,2018-04-04,H,Liverpool,England,115.40127190170939,3,0,132.41257142857143,England,Manchester City,Anfield,Felix Brych
2017-2018,Quarter-finals,Wed,2018-04-04,H,Barcelona,Spain,125.62005772005773,4,1,122.74334015151514,Italy,Roma,Camp Nou,Danny Makkelie
2017-2018,Quarter-finals,Tue,2018-04-10,A,Manchester City,England,132.41257142857143,1,2,115.40127190170939,England,Liverpool,Etihad Stadium,Antonio Matéu Lahoz
2017-2018,Quarter-finals,Tue,2018-04-10,H,Roma,Italy,122.74334015151514,3,0,125.62005772005773,Spain,Barcelona,Stadio Olimpico,Clément Turpin
2017-2018,Quarter-finals,Wed,2018-04-11,D,Bayern Munich,Germany,151.57194018103107,0,0,131.99882756132757,Spain,Sevilla,Allianz Arena,William Collum
2017-2018,Quarter-finals,Wed,2018-04-11,A,Real Madrid,Spain,143.79441276115193,1,3,105.37777777777778,Italy,Juventus,Estadio Santiago Bernabéu,Michael Oliver
2017-2018,Semi-finals,Tue,2018-04-24,H,Liverpool,England,115.40127190170939,5,2,122.74334015151514,Italy,Roma,Anfield,Felix Brych
2017-2018,Semi-finals,Wed,2018-04-25,A,Bayern Munich,Germany,151.57194018103107,1,2,143.79441276115193,Spain,Real Madrid,Allianz Arena,Björn Kuipers
2017-2018,Semi-finals,Tue,2018-05-01,D,Real Madrid,Spain,143.79441276115193,2,2,151.57194018103107,Germany,Bayern Munich,Estadio Santiago Bernabéu,Cüneyt Çakιr
2017-2018,Semi-finals,Wed,2018-05-02,H,Roma,Italy,122.74334015151514,4,2,115.40127190170939,England,Liverpool,Stadio Olimpico,Damir Skomina
2017-2018,Final,Sat,2018-05-26,H,Real Madrid,Spain,143.79441276115193,3,1,115.40127190170939,England,Liverpool,NSK Olimpijs'kyj (Neutral Site),Milorad Mažić
2016-2017,Round of 16,Tue,2017-02-14,H,Benfica,Portugal,,1,0,,Germany,Dortmund,Estádio do Sport Lisboa e Benfica,Nicola Rizzoli
2016-2017,Round of 16,Tue,2017-02-14,H,Paris S-G,France,,4,0,,Spain,Barcelona,Parc des Princes,Szymon Marciniak
2016-2017,Round of 16,Wed,2017-02-15,H,Bayern Munich,Germany,,5,1,,England,Arsenal,Allianz Arena,Milorad Mažić
2016-2017,Round of 16,Wed,2017-02-15,H,Real Madrid,Spain,,3,1,,Italy,Napoli,Estadio Santiago Bernabéu,Damir Skomina
2016-2017,Round of 16,Tue,2017-02-21,H,Manchester City,England,,5,3,,France,Monaco,Etihad Stadium,Antonio Matéu Lahoz
2016-2017,Round of 16,Tue,2017-02-21,A,Leverkusen,Germany,,2,4,,Spain,Atlético Madrid,BayArena,William Collum
2016-2017,Round of 16,Wed,2017-02-22,A,Porto,Portugal,,0,2,,Italy,Juventus,Estádio Do Dragão,Felix Brych
2016-2017,Round of 16,Wed,2017-02-22,H,Sevilla,Spain,,2,1,,England,Leicester City,Estadio Ramón Sánchez Pizjuán,Clément Turpin
2016-2017,Round of 16,Tue,2017-03-07,A,Arsenal,England,,1,5,,Germany,Bayern Munich,Emirates Stadium,Tasos Sidiropoulos
2016-2017,Round of 16,Tue,2017-03-07,A,Napoli,Italy,,1,3,,Spain,Real Madrid,Stadio San Paolo,Cüneyt Çakιr
2016-2017,Round of 16,Wed,2017-03-08,H,Dortmund,Germany,,4,0,,Portugal,Benfica,Signal Iduna Park,Martin Atkinson
2016-2017,Round of 16,Wed,2017-03-08,H,Barcelona,Spain,,6,1,,France,Paris S-G,Camp Nou,Deniz Aytekin
2016-2017,Round of 16,Tue,2017-03-14,H,Leicester City,England,,2,0,,Spain,Sevilla,King Power Stadium,Daniele Orsato
2016-2017,Round of 16,Tue,2017-03-14,H,Juventus,Italy,,1,0,,Portugal,Porto,Allianz Stadium,Ovidiu Hațegan
2016-2017,Round of 16,Wed,2017-03-15,D,Atlético Madrid,Spain,,0,0,,Germany,Leverkusen,Estadio Vicente Calderón,Sergey Karasev
2016-2017,Round of 16,Wed,2017-03-15,H,Monaco,France,,3,1,,England,Manchester City,Stade Louis II.,Gianluca Rocchi
2016-2017,Quarter-finals,Tue,2017-04-11,H,Juventus,Italy,,3,0,,Spain,Barcelona,Allianz Stadium,Szymon Marciniak
2016-2017,Quarter-finals,Wed,2017-04-12,A,Dortmund,Germany,,2,3,,France,Monaco,Signal Iduna Park,Daniele Orsato
2016-2017,Quarter-finals,Wed,2017-04-12,H,Atlético Madrid,Spain,,1,0,,England,Leicester City,Estadio Vicente Calderón,Jonas Eriksson
2016-2017,Quarter-finals,Wed,2017-04-12,A,Bayern Munich,Germany,,1,2,,Spain,Real Madrid,Allianz Arena,Nicola Rizzoli
2016-2017,Quarter-finals,Tue,2017-04-18,D,Leicester City,England,,1,1,,Spain,Atlético Madrid,King Power Stadium,Gianluca Rocchi
2016-2017,Quarter-finals,Tue,2017-04-18,H,Real Madrid,Spain,,4,2,,Germany,Bayern Munich,Estadio Santiago Bernabéu,Viktor Kassai
2016-2017,Quarter-finals,Wed,2017-04-19,H,Monaco,France,,3,1,,Germany,Dortmund,Stade Louis II.,Damir Skomina
2016-2017,Quarter-finals,Wed,2017-04-19,D,Barcelona,Spain,,0,0,,Italy,Juventus,Camp Nou,Björn Kuipers
2016-2017,Semi-finals,Tue,2017-05-02,H,Real Madrid,Spain,,3,0,,Spain,Atlético Madrid,Estadio Santiago Bernabéu,Martin Atkinson
2016-2017,Semi-finals,Wed,2017-05-03,A,Monaco,France,,0,2,,Italy,Juventus,Stade Louis II.,Antonio Matéu Lahoz
2016-2017,Semi-finals,Tue,2017-05-09,H,Juventus,Italy,,2,1,,France,Monaco,Allianz Stadium,Björn Kuipers
2016-2017,Semi-finals,Wed,2017-05-10,H,Atlético Madrid,Spain,,2,1,,Spain,Real Madrid,Estadio Vicente Calderón,Cüneyt Çakιr
2016-2017,Final,Sat,2017-06-03,A,Juventus,Italy,,1,4,,Spain,Real Madrid,National Stadium (Neutral Site),Felix Brych
2015-2016,Round of 16,Tue,2016-02-16,H,Benfica,Portugal,,1,0,,Italy,ruZen,Estádio do Sport Lisboa e Benfica,Gianluca Rocchi
2015-2016,Round of 16,Tue,2016-02-16,H,Paris S-G,France,,2,1,,England,Chelsea,Parc des Princes,Carlos Velasco
2015-2016,Round of 16,Wed,2016-02-17,A,Roma,Italy,,0,2,,Spain,Real Madrid,Stadio Olimpico,Pavel Královec
2015-2016,Round of 16,Wed,2016-02-17,A,Gent,Belgium,,2,3,,Germany,Wolfsburg,GHELAMCO-arena,Svein Oddvar Moen
2015-2016,Round of 16,Tue,2016-02-23,A,Arsenal,England,,0,2,,Spain,Barcelona,Emirates Stadium,Cüneyt Çakιr
2015-2016,Round of 16,Tue,2016-02-23,D,Juventus,Italy,,2,2,,Germany,Bayern Munich,Allianz Stadium,Martin Atkinson
2015-2016,Round of 16,Wed,2016-02-24,D,PSV Eindhoven,The Netherlands,,0,0,,Spain,Atlético Madrid,Philips Stadion,Daniele Orsato
2015-2016,Round of 16,Wed,2016-02-24,A,Dynamo Kyiv,Ukraine,,1,3,,England,Manchester City,NSK Olimpijs'kyj,Antonio Matéu Lahoz
2015-2016,Round of 16,Tue,2016-03-08,H,Wolfsburg,Germany,,1,0,,Belgium,Gent,Volkswagen Arena,Damir Skomina
2015-2016,Round of 16,Tue,2016-03-08,H,Real Madrid,Spain,,2,0,,Italy,Roma,Estadio Santiago Bernabéu,Szymon Marciniak
2015-2016,Round of 16,Wed,2016-03-09,A,Chelsea,England,,1,2,,France,Paris S-G,Stamford Bridge,Felix Brych
2015-2016,Round of 16,Wed,2016-03-09,A,Zenit,Russia,,1,2,,Portugal,Benfica,Stadion Petrovskij,Viktor Kassai
2015-2016,Round of 16,Tue,2016-03-15,D,Manchester City,England,,0,0,,Ukraine,Dynamo Kyiv,Etihad Stadium,Ovidiu Hațegan
2015-2016,Round of 16,Tue,2016-03-15,D,Atlético Madrid,Spain,,0,0,,The Netherlands,PSV Eindhoven,Estadio Vicente Calderón,Mark Clattenburg
2015-2016,Round of 16,Wed,2016-03-16,H,Barcelona,Spain,,3,1,,England,Arsenal,Camp Nou,Sergey Karasev
2015-2016,Round of 16,Wed,2016-03-16,H,Bayern Munich,Germany,,4,2,,Italy,Juventus,Allianz Arena,Jonas Eriksson
2015-2016,Quarter-finals,Tue,2016-04-05,H,Bayern Munich,Germany,,1,0,,Portugal,Benfica,Allianz Arena,Szymon Marciniak
2015-2016,Quarter-finals,Tue,2016-04-05,H,Barcelona,Spain,,2,1,,Spain,Atlético Madrid,Camp Nou,Felix Brych
2015-2016,Quarter-finals,Wed,2016-04-06,D,Paris S-G,France,,2,2,,England,Manchester City,Parc des Princes,Milorad Mažić
2015-2016,Quarter-finals,Wed,2016-04-06,H,Wolfsburg,Germany,,2,0,,Spain,Real Madrid,Volkswagen Arena,Gianluca Rocchi
2015-2016,Quarter-finals,Tue,2016-04-12,H,Manchester City,England,,1,0,,France,Paris S-G,Etihad Stadium,Carlos Velasco
2015-2016,Quarter-finals,Tue,2016-04-12,H,Real Madrid,Spain,,3,0,,Germany,Wolfsburg,Estadio Santiago Bernabéu,Viktor Kassai
2015-2016,Quarter-finals,Wed,2016-04-13,D,Benfica,Portugal,,2,2,,Germany,Bayern Munich,Estádio do Sport Lisboa e Benfica,Björn Kuipers
2015-2016,Quarter-finals,Wed,2016-04-13,H,Atlético Madrid,Spain,,2,0,,Spain,Barcelona,Estadio Vicente Calderón,Nicola Rizzoli
2015-2016,Semi-finals,Tue,2016-04-26,D,Manchester City,England,,0,0,,Spain,Real Madrid,Etihad Stadium,Cüneyt Çakιr
2015-2016,Semi-finals,Wed,2016-04-27,H,Atlético Madrid,Spain,,1,0,,Germany,Bayern Munich,Estadio Vicente Calderón,Mark Clattenburg
2015-2016,Semi-finals,Tue,2016-05-03,H,Bayern Munich,Germany,,2,1,,Spain,Atlético Madrid,Allianz Arena,Cüneyt Çakιr
2015-2016,Semi-finals,Wed,2016-05-04,H,Real Madrid,Spain,,1,0,,England,Manchester City,Estadio Santiago Bernabéu,Damir Skomina
2015-2016,Final,Sat,2016-05-28,D,Real Madrid,Spain,,1,1,,Spain,Atlético Madrid,Stadio Giuseppe Meazza (Neutral Site),Mark Clattenburg
2014-2015,Round of 16,Tue,2015-02-17,D,Paris S-G,France,,1,1,,England,Chelsea,Parc des Princes,Cüneyt Çakιr
2014-2015,Round of 16,Tue,2015-02-17,D,Shakhtar,Ukraine,,0,0,,Germany,Bayern Munich,L'viv Arena,Alberto Undiano
2014-2015,Round of 16,Wed,2015-02-18,D,Basel,Switzerland,,1,1,,Portugal,Porto,St. Jakob-Park,Mark Clattenburg
2014-2015,Round of 16,Wed,2015-02-18,A,Schalke 04,Germany,,0,2,,Spain,Real Madrid,Veltins-Arena,Martin Atkinson
2014-2015,Round of 16,Tue,2015-02-24,A,Manchester City,England,,1,2,,Spain,Barcelona,Etihad Stadium,Felix Brych
2014-2015,Round of 16,Tue,2015-02-24,H,Juventus,Italy,,2,1,,Germany,Dortmund,Allianz Stadium,Antonio Matéu Lahoz
2014-2015,Round of 16,Wed,2015-02-25,A,Arsenal,England,,1,3,,France,Monaco,Emirates Stadium,Deniz Aytekin
2014-2015,Round of 16,Wed,2015-02-25,H,Leverkusen,Germany,,1,0,,Spain,Atlético Madrid,BayArena,Pavel Královec
2014-2015,Round of 16,Tue,2015-03-10,H,Porto,Portugal,,4,0,,Switzerland,Basel,Estádio Do Dragão,Jonas Eriksson
2014-2015,Round of 16,Tue,2015-03-10,A,Real Madrid,Spain,,3,4,,Germany,Schalke 04,Estadio Santiago Bernabéu,Damir Skomina
2014-2015,Round of 16,Wed,2015-03-11,D,Chelsea,England,,2,2,,France,Paris S-G,Stamford Bridge,Björn Kuipers
2014-2015,Round of 16,Wed,2015-03-11,H,Bayern Munich,Germany,,7,0,,Ukraine,Shakhtar,Allianz Arena,William Collum
2014-2015,Round of 16,Tue,2015-03-17,A,Monaco,France,,0,2,,England,Arsenal,Stade Louis II.,Svein Oddvar Moen
2014-2015,Round of 16,Tue,2015-03-17,H,Atlético Madrid,Spain,,1,0,,Germany,Leverkusen,Estadio Vicente Calderón,Nicola Rizzoli
2014-2015,Round of 16,Wed,2015-03-18,A,Dortmund,Germany,,0,3,,Italy,Juventus,Signal Iduna Park,Milorad Mažić
2014-2015,Round of 16,Wed,2015-03-18,H,Barcelona,Spain,,1,0,,England,Manchester City,Camp Nou,Gianluca Rocchi
2014-2015,Quarter-finals,Tue,2015-04-14,H,Juventus,Italy,,1,0,,France,Monaco,Allianz Stadium,Pavel Královec
2014-2015,Quarter-finals,Tue,2015-04-14,D,Atlético Madrid,Spain,,0,0,,Spain,Real Madrid,Estadio Vicente Calderón,Milorad Mažić
2014-2015,Quarter-finals,Wed,2015-04-15,H,Porto,Portugal,,3,1,,Germany,Bayern Munich,Estádio Do Dragão,Carlos Velasco
2014-2015,Quarter-finals,Wed,2015-04-15,A,Paris S-G,France,,1,3,,Spain,Barcelona,Parc des Princes,Mark Clattenburg
2014-2015,Quarter-finals,Tue,2015-04-21,H,Barcelona,Spain,,2,0,,France,Paris S-G,Camp Nou,Svein Oddvar Moen
2014-2015,Quarter-finals,Tue,2015-04-21,H,Bayern Munich,Germany,,6,1,,Portugal,Porto,Allianz Arena,Martin Atkinson
2014-2015,Quarter-finals,Wed,2015-04-22,D,Monaco,France,,0,0,,Italy,Juventus,Stade Louis II.,William Collum
2014-2015,Quarter-finals,Wed,2015-04-22,H,Real Madrid,Spain,,1,0,,Spain,Atlético Madrid,Estadio Santiago Bernabéu,Felix Brych
2014-2015,Semi-finals,Tue,2015-05-05,H,Juventus,Italy,,2,1,,Spain,Real Madrid,Allianz Stadium,Martin Atkinson
2014-2015,Semi-finals,Wed,2015-05-06,H,Barcelona,Spain,,3,0,,Germany,Bayern Munich,Camp Nou,Nicola Rizzoli
2014-2015,Semi-finals,Tue,2015-05-12,H,Bayern Munich,Germany,,3,2,,Spain,Barcelona,Allianz Arena,Mark Clattenburg
2014-2015,Semi-finals,Wed,2015-05-13,D,Real Madrid,Spain,,1,1,,Italy,Juventus,Estadio Santiago Bernabéu,Jonas Eriksson
2014-2015,Final,Sat,2015-06-06,A,Juventus,Italy,,1,3,,Spain,Barcelona,Olympiastadion Berlin (Neutral Site),Cüneyt Çakιr
2013-2014,Round of 16,Tue,2014-02-18,A,Manchester City,England,,0,2,,Spain,Barcelona,City of Manchester Stadium,Jonas Eriksson
2013-2014,Round of 16,Tue,2014-02-18,A,Leverkusen,Germany,,0,4,,France,Paris S-G,BayArena,Viktor Kassai
2013-2014,Round of 16,Wed,2014-02-19,A,Milan,Italy,,0,1,,Spain,Atlético Madrid,Stadio Giuseppe Meazza,Pedro Proença
2013-2014,Round of 16,Wed,2014-02-19,A,Arsenal,England,,0,2,,Germany,Bayern Munich,Arsenal Stadium,Nicola Rizzoli
2013-2014,Round of 16,Tue,2014-02-25,A,Zenit,Russia,,2,4,,Germany,Dortmund,Stadion Petrovski,William Collum
2013-2014,Round of 16,Tue,2014-02-25,H,Olympiacos,Greece,,2,0,,England,Manchester Utd,Stadio Georgios Karaiskakis,Gianluca Rocchi
2013-2014,Round of 16,Wed,2014-02-26,A,Schalke 04,Germany,,1,6,,Spain,Real Madrid,Arena AufSchalke,Howard Webb
2013-2014,Round of 16,Wed,2014-02-26,D,Galatasaray,Türkiye,,1,1,,England,Chelsea,Ali Sami Yen Spor Kompleksi,Velasco Carballo
2013-2014,Round of 16,Tue,2014-03-11,H,Atlético Madrid,Spain,,4,1,,Italy,Milan,Estadio Vicente Calderón,Mark Clattenburg
2013-2014,Round of 16,Tue,2014-03-11,D,Bayern Munich,Germany,,1,1,,England,Arsenal,Fußball Arena München,Svein Oddvar Moen
2013-2014,Round of 16,Wed,2014-03-12,H,Barcelona,Spain,,2,1,,England,Manchester City,Camp Nou,Stéphane Lannoy
2013-2014,Round of 16,Wed,2014-03-12,H,Paris S-G,France,,2,1,,Germany,Leverkusen,Parc des Princes,Ivan Bebek
2013-2014,Round of 16,Tue,2014-03-18,H,Real Madrid,Spain,,3,1,,Germany,Schalke 04,Estadio Santiago Bernabéu,Sergei Karasev
2013-2014,Round of 16,Tue,2014-03-18,H,Chelsea,England,,2,0,,Türkiye,Galatasaray,Stamford Bridge,Felix Brych
2013-2014,Round of 16,Wed,2014-03-19,H,Manchester Utd,England,,3,0,,Greece,Olympiacos,Old Trafford,Björn Kuipers
2013-2014,Round of 16,Wed,2014-03-19,A,Dortmund,Germany,,1,2,,Italy,ruZen,BVB Stadion Dortmund,Undiano Mallenco
2013-2014,Quarter-finals,Tue,2014-04-01,D,Manchester Utd,England,,1,1,,Germany,Bayern Munich,Old Trafford,Velasco Carballo
2013-2014,Quarter-finals,Tue,2014-04-01,D,Barcelona,Spain,,1,1,,Spain,Atlético Madrid,Camp Nou,Felix Brych
2013-2014,Quarter-finals,Wed,2014-04-02,H,Paris S-G,France,,3,1,,England,Chelsea,Parc des Princes,Milorad Mažić
2013-2014,Quarter-finals,Wed,2014-04-02,H,Real Madrid,Spain,,3,0,,Germany,Dortmund,Estadio Santiago Bernabéu,Mark Clattenburg
2013-2014,Quarter-finals,Tue,2014-04-08,H,Dortmund,Germany,,2,0,,Spain,Real Madrid,BVB Stadion Dortmund,Damir Skomina
2013-2014,Quarter-finals,Tue,2014-04-08,H,Chelsea,England,,2,0,,France,Paris S-G,Stamford Bridge,Pedro Proença
2013-2014,Quarter-finals,Wed,2014-04-09,H,Bayern Munich,Germany,,3,1,,England,Manchester Utd,Fußball Arena München,Jonas Eriksson
2013-2014,Quarter-finals,Wed,2014-04-09,H,Atlético Madrid,Spain,,1,0,,Spain,Barcelona,Estadio Vicente Calderón,Howard Webb
2013-2014,Semi-finals,Tue,2014-04-22,D,Atlético Madrid,Spain,,0,0,,England,Chelsea,Estadio Vicente Calderón,Jonas Eriksson
2013-2014,Semi-finals,Wed,2014-04-23,H,Real Madrid,Spain,,1,0,,Germany,Bayern Munich,Estadio Santiago Bernabéu,Howard Webb
2013-2014,Semi-finals,Tue,2014-04-29,A,Bayern Munich,Germany,,0,4,,Spain,Real Madrid,Fußball Arena München,Pedro Proença
2013-2014,Semi-finals,Wed,2014-04-30,A,Chelsea,England,,1,3,,Spain,Atlético Madrid,Stamford Bridge,Nicola Rizzoli
2013-2014,Final,Sat,2014-05-24,H,Real Madrid,Spain,,4,1,,Spain,Atlético Madrid,Estádio do Sport Lisboa e Benfica (Neutral Site),Björn Kuipers
2012-2013,Round of 16,Tue,2013-02-12,A,Valencia,Spain,,1,2,,France,Paris S-G,Estadi de Mestalla,Paolo Tagliavento
2012-2013,Round of 16,Tue,2013-02-12,A,Celtic,Scotland,,0,3,,Italy,Juventus,Celtic Park,Undiano Mallenco
2012-2013,Round of 16,Wed,2013-02-13,D,Shakhtar,Ukraine,,2,2,,Germany,Dortmund,Donbass Arena,Howard Webb
2012-2013,Round of 16,Wed,2013-02-13,D,Real Madrid,Spain,,1,1,,England,Manchester Utd,Estadio Santiago Bernabéu,Felix Brych
2012-2013,Round of 16,Tue,2013-02-19,H,Porto,Portugal,,1,0,,Spain,Málaga,Estádio do Dragão,Mark Clattenburg
2012-2013,Round of 16,Tue,2013-02-19,A,Arsenal,England,,1,3,,Germany,Bayern Munich,Arsenal Stadium,Svein Oddvar Moen
2012-2013,Round of 16,Wed,2013-02-20,D,Galatasaray,Türkiye,,1,1,,Germany,Schalke 04,Ali Sami Yen Spor Kompleksi,William Collum
2012-2013,Round of 16,Wed,2013-02-20,H,Milan,Italy,,2,0,,Spain,Barcelona,Stadio Giuseppe Meazza,Craig Thomson
2012-2013,Round of 16,Tue,2013-03-05,A,Manchester Utd,England,,1,2,,Spain,Real Madrid,Old Trafford,Cüneyt Çakır
2012-2013,Round of 16,Tue,2013-03-05,H,Dortmund,Germany,,3,0,,Ukraine,Shakhtar,BVB Stadion Dortmund,Damir Skomina
2012-2013,Round of 16,Wed,2013-03-06,H,Juventus,Italy,,2,0,,Scotland,Celtic,Juventus Stadium,Fırat Aydınus
2012-2013,Round of 16,Wed,2013-03-06,D,Paris S-G,France,,1,1,,Spain,Valencia,Parc des Princes,Milorad Mažić
2012-2013,Round of 16,Tue,2013-03-12,A,Schalke 04,Germany,,2,3,,Türkiye,Galatasaray,Arena AufSchalke,Jonas Eriksson
2012-2013,Round of 16,Tue,2013-03-12,H,Barcelona,Spain,,4,0,,Italy,Milan,Camp Nou,Viktor Kassai
2012-2013,Round of 16,Wed,2013-03-13,H,Málaga,Spain,,2,0,,Portugal,Porto,La Rosaleda,Nicola Rizzoli
2012-2013,Round of 16,Wed,2013-03-13,A,Bayern Munich,Germany,,0,2,,England,Arsenal,Fußball Arena München,Pavel Královec
2012-2013,Quarter-finals,Tue,2013-04-02,H,Bayern Munich,Germany,,2,0,,Italy,Juventus,Fußball Arena München,Mark Clattenburg
2012-2013,Quarter-finals,Tue,2013-04-02,D,Paris S-G,France,,2,2,,Spain,Barcelona,Parc des Princes,Wolfgang Stark
2012-2013,Quarter-finals,Wed,2013-04-03,H,Real Madrid,Spain,,3,0,,Türkiye,Galatasaray,Estadio Santiago Bernabéu,Svein Oddvar Moen
2012-2013,Quarter-finals,Wed,2013-04-03,D,Málaga,Spain,,0,0,,Germany,Dortmund,La Rosaleda,Jonas Eriksson
2012-2013,Quarter-finals,Tue,2013-04-09,H,Galatasaray,Türkiye,,3,2,,Spain,Real Madrid,Ali Sami Yen Spor Kompleksi,Stéphane Lannoy
2012-2013,Quarter-finals,Tue,2013-04-09,H,Dortmund,Germany,,3,2,,Spain,Málaga,BVB Stadion Dortmund,Craig Thomson
2012-2013,Quarter-finals,Wed,2013-04-10,A,Juventus,Italy,,0,2,,Germany,Bayern Munich,Juventus Stadium,Velasco Carballo
2012-2013,Quarter-finals,Wed,2013-04-10,D,Barcelona,Spain,,1,1,,France,Paris S-G,Camp Nou,Björn Kuipers
2012-2013,Semi-finals,Tue,2013-04-23,H,Bayern Munich,Germany,,4,0,,Spain,Barcelona,Fußball Arena München,Viktor Kassai
2012-2013,Semi-finals,Wed,2013-04-24,H,Dortmund,Germany,,4,1,,Spain,Real Madrid,BVB Stadion Dortmund,Björn Kuipers
2012-2013,Semi-finals,Tue,2013-04-30,H,Real Madrid,Spain,,2,0,,Germany,Dortmund,Estadio Santiago Bernabéu,Howard Webb
2012-2013,Semi-finals,Wed,2013-05-01,A,Barcelona,Spain,,0,3,,Germany,Bayern Munich,Camp Nou,Damir Skomina
2012-2013,Final,Sat,2013-05-25,A,Dortmund,Germany,,1,2,,Germany,Bayern Munich,Wembley Stadium (Neutral Site),Nicola Rizzoli
2011-2012,Round of 16,Tue,2012-02-14,A,Leverkusen,Germany,,1,3,,Spain,Barcelona,BayArena,Craig Thomson
2011-2012,Round of 16,Tue,2012-02-14,H,Lyon,France,,1,0,,Cyprus,APOEL FC,Stade de Gerland,Paolo Tagliavento
2011-2012,Round of 16,Wed,2012-02-15,H,Zenit,Russia,,3,2,,Portugal,Benfica,Stadion Petrovski,Jonas Eriksson
2011-2012,Round of 16,Wed,2012-02-15,H,Milan,Italy,,4,0,,England,Arsenal,Stadio Giuseppe Meazza,Viktor Kassai
2011-2012,Round of 16,Tue,2012-02-21,H,Napoli,Italy,,3,1,,England,Chelsea,Stadio San Paolo,Velasco Carballo
2011-2012,Round of 16,Tue,2012-02-21,D,CSKA Moscow,Russia,,1,1,,Spain,Real Madrid,Stadion Luzhniki,Björn Kuipers
2011-2012,Round of 16,Wed,2012-02-22,H,Marseille,France,,1,0,,Italy,Inter,Stade Vélodrome,Cüneyt Çakır
2011-2012,Round of 16,Wed,2012-02-22,H,Basel,Switzerland,,1,0,,Germany,Bayern Munich,St. Jakob,Nicola Rizzoli
2011-2012,Round of 16,Tue,2012-03-06,H,Benfica,Portugal,,2,0,,Italy,ruZen,Estádio do Sport Lisboa e Benfica,Howard Webb
2011-2012,Round of 16,Tue,2012-03-06,H,Arsenal,England,,3,0,,Italy,Milan,Arsenal Stadium,Damir Skomina
2011-2012,Round of 16,Wed,2012-03-07,H,APOEL FC,Cyprus,,1,0,,France,Lyon,GSP Stadium,Undiano Mallenco
2011-2012,Round of 16,Wed,2012-03-07,H,Barcelona,Spain,,7,1,,Germany,Leverkusen,Camp Nou,Svein Oddvar Moen
2011-2012,Round of 16,Tue,2012-03-13,H,Bayern Munich,Germany,,7,0,,Switzerland,Basel,Fußball Arena München,Mark Clattenburg
2011-2012,Round of 16,Tue,2012-03-13,H,Inter,Italy,,2,1,,France,Marseille,Stadio Giuseppe Meazza,Pedro Proença
2011-2012,Round of 16,Wed,2012-03-14,H,Real Madrid,Spain,,4,1,,Russia,CSKA Moscow,Estadio Santiago Bernabéu,Stéphane Lannoy
2011-2012,Round of 16,Wed,2012-03-14,H,Chelsea,England,,4,1,,Italy,Napoli,Stamford Bridge,Felix Brych
2011-2012,Quarter-finals,Tue,2012-03-27,A,Benfica,Portugal,,0,1,,England,Chelsea,Estádio do Sport Lisboa e Benfica,Paolo Tagliavento
2011-2012,Quarter-finals,Tue,2012-03-27,A,APOEL FC,Cyprus,,0,3,,Spain,Real Madrid,GSP Stadium,Felix Brych
2011-2012,Quarter-finals,Wed,2012-03-28,D,Milan,Italy,,0,0,,Spain,Barcelona,Stadio Giuseppe Meazza,Jonas Eriksson
2011-2012,Quarter-finals,Wed,2012-03-28,A,Marseille,France,,0,2,,Germany,Bayern Munich,Stade Vélodrome,Velasco Carballo
2011-2012,Quarter-finals,Tue,2012-04-03,H,Bayern Munich,Germany,,2,0,,France,Marseille,Fußball Arena München,Svein Oddvar Moen
2011-2012,Quarter-finals,Tue,2012-04-03,H,Barcelona,Spain,,3,1,,Italy,Milan,Camp Nou,Björn Kuipers
2011-2012,Quarter-finals,Wed,2012-04-04,H,Chelsea,England,,2,1,,Portugal,Benfica,Stamford Bridge,Damir Skomina
2011-2012,Quarter-finals,Wed,2012-04-04,H,Real Madrid,Spain,,5,2,,Cyprus,APOEL FC,Estadio Santiago Bernabéu,Gianluca Rocchi
2011-2012,Semi-finals,Tue,2012-04-17,H,Bayern Munich,Germany,,2,1,,Spain,Real Madrid,Fußball Arena München,Howard Webb
2011-2012,Semi-finals,Wed,2012-04-18,H,Chelsea,England,,1,0,,Spain,Barcelona,Stamford Bridge,Felix Brych
2011-2012,Semi-finals,Tue,2012-04-24,D,Barcelona,Spain,,2,2,,England,Chelsea,Camp Nou,Cüneyt Çakır
2011-2012,Semi-finals,Wed,2012-04-25,H,Real Madrid,Spain,,2,1,,Germany,Bayern Munich,Estadio Santiago Bernabéu,Viktor Kassai
2011-2012,Final,Sat,2012-05-19,D,Bayern Munich,Germany,,1,1,,England,Chelsea,Fußball Arena München (Neutral Site),Pedro Proença
2010-2011,Round of 16,Tue,2011-02-15,D,Valencia,Spain,,1,1,,Germany,Schalke 04,Estadi de Mestalla,Aleksei Nikolaev
2010-2011,Round of 16,Tue,2011-02-15,A,Milan,Italy,,0,1,,England,Tottenham,Stadio Giuseppe Meazza,Stéphane Lannoy
2010-2011,Round of 16,Wed,2011-02-16,H,Arsenal,England,,2,1,,Spain,Barcelona,Arsenal Stadium,Nicola Rizzoli
2010-2011,Round of 16,Wed,2011-02-16,A,Roma,Italy,,2,3,,Ukraine,Shakhtar,Stadio Olimpico,Olegário Benquerença
2010-2011,Round of 16,Tue,2011-02-22,D,Lyon,France,,1,1,,Spain,Real Madrid,Stade de Gerland,Wolfgang Stark
2010-2011,Round of 16,Tue,2011-02-22,A,FC Copenhagen,Denmark,,0,2,,England,Chelsea,Telia Parken,Björn Kuipers
2010-2011,Round of 16,Wed,2011-02-23,A,Inter,Italy,,0,1,,Germany,Bayern Munich,Stadio Giuseppe Meazza,Viktor Kassai
2010-2011,Round of 16,Wed,2011-02-23,D,Marseille,France,,0,0,,England,Manchester Utd,Stade Vélodrome,Felix Brych
2010-2011,Round of 16,Tue,2011-03-08,H,Barcelona,Spain,,3,1,,England,Arsenal,Camp Nou,Massimo Busacca
2010-2011,Round of 16,Tue,2011-03-08,H,Shakhtar,Ukraine,,3,0,,Italy,Roma,Donbass Arena,Howard Webb
2010-2011,Round of 16,Wed,2011-03-09,D,Tottenham,England,,0,0,,Italy,Milan,White Hart Lane,Frank de Bleeckere
2010-2011,Round of 16,Wed,2011-03-09,H,Schalke 04,Germany,,3,1,,Spain,Valencia,Arena AufSchalke,Jonas Eriksson
2010-2011,Round of 16,Tue,2011-03-15,H,Manchester Utd,England,,2,1,,France,Marseille,Old Trafford,Velasco Carballo
2010-2011,Round of 16,Tue,2011-03-15,A,Bayern Munich,Germany,,2,3,,Italy,Inter,Fußball Arena München,Pedro Proença
2010-2011,Round of 16,Wed,2011-03-16,H,Real Madrid,Spain,,3,0,,France,Lyon,Estadio Santiago Bernabéu,Damir Skomina
2010-2011,Round of 16,Wed,2011-03-16,D,Chelsea,England,,0,0,,Denmark,FC Copenhagen,Stamford Bridge,Svein Oddvar Moen
2010-2011,Quarter-finals,Tue,2011-04-05,H,Real Madrid,Spain,,4,0,,England,Tottenham,Estadio Santiago Bernabéu,Felix Brych
2010-2011,Quarter-finals,Tue,2011-04-05,A,Inter,Italy,,2,5,,Germany,Schalke 04,Stadio Giuseppe Meazza,Martin Atkinson
2010-2011,Quarter-finals,Wed,2011-04-06,H,Barcelona,Spain,,5,1,,Ukraine,Shakhtar,Camp Nou,Craig Thomson
2010-2011,Quarter-finals,Wed,2011-04-06,A,Chelsea,England,,0,1,,England,Manchester Utd,Stamford Bridge,Undiano Mallenco
2010-2011,Quarter-finals,Tue,2011-04-12,A,Shakhtar,Ukraine,,0,1,,Spain,Barcelona,Donbass Arena,Florian Meyer
2010-2011,Quarter-finals,Tue,2011-04-12,H,Manchester Utd,England,,2,1,,England,Chelsea,Old Trafford,Olegário Benquerença
2010-2011,Quarter-finals,Wed,2011-04-13,A,Tottenham,England,,0,1,,Spain,Real Madrid,White Hart Lane,Nicola Rizzoli
2010-2011,Quarter-finals,Wed,2011-04-13,H,Schalke 04,Germany,,2,1,,Italy,Inter,Arena AufSchalke,Damir Skomina
2010-2011,Semi-finals,Tue,2011-04-26,A,Schalke 04,Germany,,0,2,,England,Manchester Utd,Arena AufSchalke,Velasco Carballo
2010-2011,Semi-finals,Wed,2011-04-27,A,Real Madrid,Spain,,0,2,,Spain,Barcelona,Estadio Santiago Bernabéu,Wolfgang Stark
2010-2011,Semi-finals,Tue,2011-05-03,D,Barcelona,Spain,,1,1,,Spain,Real Madrid,Camp Nou,Frank de Bleeckere
2010-2011,Semi-finals,Wed,2011-05-04,H,Manchester Utd,England,,4,1,,Germany,Schalke 04,Old Trafford,Pedro Proença
2010-2011,Final,Sat,2011-05-28,H,Barcelona,Spain,,3,1,,England,Manchester Utd,Wembley Stadium (Neutral Site),Viktor Kassai
2009-2010,Round of 16,Tue,2010-02-16,H,Lyon,France,,1,0,,Spain,Real Madrid,Stade de Gerland,Martin Atkinson
2009-2010,Round of 16,Tue,2010-02-16,A,Milan,Italy,,2,3,,England,Manchester Utd,Stadio Giuseppe Meazza,Olegário Benquerença
2009-2010,Round of 16,Wed,2010-02-17,H,Porto,Portugal,,2,1,,England,Arsenal,Estádio do Dragão,Martin Hansson
2009-2010,Round of 16,Wed,2010-02-17,H,Bayern Munich,Germany,,2,1,,Italy,Fiorentina,Fußball Arena München,Tom Henning Øvrebø
2009-2010,Round of 16,Tue,2010-02-23,A,Olympiacos,Greece,,0,1,,France,Bordeaux,Stadio Georgios Karaiskakis,Howard Webb
2009-2010,Round of 16,Tue,2010-02-23,D,Stuttgart,Germany,,1,1,,Spain,Barcelona,VfB Arena,Björn Kuipers
2009-2010,Round of 16,Wed,2010-02-24,D,CSKA Moscow,Russia,,1,1,,Spain,Sevilla,Stadion Luzhniki,Felix Brych
2009-2010,Round of 16,Wed,2010-02-24,H,Inter,Italy,,2,1,,England,Chelsea,Stadio Giuseppe Meazza,Mejuto González
2009-2010,Round of 16,Tue,2010-03-09,H,Fiorentina,Italy,,3,2,,Germany,Bayern Munich,Stadio Artemio Franchi,Undiano Mallenco
2009-2010,Round of 16,Tue,2010-03-09,H,Arsenal,England,,5,0,,Portugal,Porto,Arsenal Stadium,Frank de Bleeckere
2009-2010,Round of 16,Wed,2010-03-10,D,Real Madrid,Spain,,1,1,,France,Lyon,Estadio Santiago Bernabéu,Nicola Rizzoli
2009-2010,Round of 16,Wed,2010-03-10,H,Manchester Utd,England,,4,0,,Italy,Milan,Old Trafford,Massimo Busacca
2009-2010,Round of 16,Tue,2010-03-16,A,Chelsea,England,,0,1,,Italy,Inter,Stamford Bridge,Wolfgang Stark
2009-2010,Round of 16,Tue,2010-03-16,A,Sevilla,Spain,,1,2,,Russia,CSKA Moscow,Estadio Ramón Sánchez Pizjuán,Viktor Kassai
2009-2010,Round of 16,Wed,2010-03-17,H,Bordeaux,France,,2,1,,Greece,Olympiacos,Stade Chaban,Olegário Benquerença
2009-2010,Round of 16,Wed,2010-03-17,H,Barcelona,Spain,,4,0,,Germany,Stuttgart,Camp Nou,Alain Hamer
2009-2010,Quarter-finals,Tue,2010-03-30,H,Bayern Munich,Germany,,2,1,,England,Manchester Utd,Fußball Arena München,Frank de Bleeckere
2009-2010,Quarter-finals,Tue,2010-03-30,H,Lyon,France,,3,1,,France,Bordeaux,Stade de Gerland,Felix Brych
2009-2010,Quarter-finals,Wed,2010-03-31,H,Inter,Italy,,1,0,,Russia,CSKA Moscow,Stadio Giuseppe Meazza,Howard Webb
2009-2010,Quarter-finals,Wed,2010-03-31,D,Arsenal,England,,2,2,,Spain,Barcelona,Arsenal Stadium,Massimo Busacca
2009-2010,Quarter-finals,Tue,2010-04-06,A,CSKA Moscow,Russia,,0,1,,Italy,Inter,Stadion Luzhniki,Stéphane Lannoy
2009-2010,Quarter-finals,Tue,2010-04-06,H,Barcelona,Spain,,4,1,,England,Arsenal,Camp Nou,Wolfgang Stark
2009-2010,Quarter-finals,Wed,2010-04-07,H,Bordeaux,France,,1,0,,France,Lyon,Stade Chaban,Undiano Mallenco
2009-2010,Quarter-finals,Wed,2010-04-07,H,Manchester Utd,England,,3,2,,Germany,Bayern Munich,Old Trafford,Nicola Rizzoli
2009-2010,Semi-finals,Tue,2010-04-20,H,Inter,Italy,,3,1,,Spain,Barcelona,Stadio Giuseppe Meazza,Olegário Benquerença
2009-2010,Semi-finals,Wed,2010-04-21,H,Bayern Munich,Germany,,1,0,,France,Lyon,Fußball Arena München,Roberto Rosetti
2009-2010,Semi-finals,Tue,2010-04-27,A,Lyon,France,,0,3,,Germany,Bayern Munich,Stade de Gerland,Massimo Busacca
2009-2010,Semi-finals,Wed,2010-04-28,H,Barcelona,Spain,,1,0,,Italy,Inter,Camp Nou,Frank de Bleeckere
2009-2010,Final,Sat,2010-05-22,A,Bayern Munich,Germany,,0,2,,Italy,Inter,Estadio Santiago Bernabéu (Neutral Site),Howard Webb
2008-2009,Round of 16,Tue,2009-02-24,D,Inter,Italy,,0,0,,England,Manchester Utd,Stadio Giuseppe Meazza,Medina Cantalejo
2008-2009,Round of 16,Tue,2009-02-24,H,Arsenal,England,,1,0,,Italy,Roma,Arsenal Stadium,Claus Bo Larsen
2008-2009,Round of 16,Tue,2009-02-24,D,Lyon,France,,1,1,,Spain,Barcelona,Stade de Gerland,Wolfgang Stark
2008-2009,Round of 16,Tue,2009-02-24,D,Atlético Madrid,Spain,,2,2,,Portugal,Porto,Estadio Vicente Calderón,Howard Webb
2008-2009,Round of 16,Wed,2009-02-25,A,Sporting CP,Portugal,,0,5,,Germany,Bayern Munich,José Alvalade,Bertrand Layec
2008-2009,Round of 16,Wed,2009-02-25,H,Chelsea,England,,1,0,,Italy,Juventus,Stamford Bridge,Olegário Benquerença
2008-2009,Round of 16,Wed,2009-02-25,A,Real Madrid,Spain,,0,1,,England,Liverpool,Estadio Santiago Bernabéu,Roberto Rosetti
2008-2009,Round of 16,Wed,2009-02-25,D,Villarreal,Spain,,1,1,,Greece,Panathinaikos,Estadio El Madrigal,Konrad Plautz
2008-2009,Round of 16,Tue,2009-03-10,A,Panathinaikos,Greece,,1,2,,Spain,Villarreal,OAKA Spiros Louis,Massimo Busacca
2008-2009,Round of 16,Tue,2009-03-10,H,Bayern Munich,Germany,,7,1,,Portugal,Sporting CP,Fußball Arena München,Martin Hansson
2008-2009,Round of 16,Tue,2009-03-10,D,Juventus,Italy,,2,2,,England,Chelsea,Stadio Olimpico,Undiano Mallenco
2008-2009,Round of 16,Tue,2009-03-10,H,Liverpool,England,,4,0,,Spain,Real Madrid,Anfield,Frank de Bleeckere
2008-2009,Round of 16,Wed,2009-03-11,H,Roma,Italy,,1,0,,England,Arsenal,Stadio Olimpico,Mejuto González
2008-2009,Round of 16,Wed,2009-03-11,H,Manchester Utd,England,,2,0,,Italy,Inter,Old Trafford,Wolfgang Stark
2008-2009,Round of 16,Wed,2009-03-11,D,Porto,Portugal,,0,0,,Spain,Atlético Madrid,Estádio do Dragão,Pieter Vink
2008-2009,Round of 16,Wed,2009-03-11,H,Barcelona,Spain,,5,2,,France,Lyon,Camp Nou,Tom Henning Øvrebø
2008-2009,Quarter-finals,Tue,2009-04-07,D,Villarreal,Spain,,1,1,,England,Arsenal,Estadio El Madrigal,Tom Henning Øvrebø
2008-2009,Quarter-finals,Tue,2009-04-07,D,Manchester Utd,England,,2,2,,Portugal,Porto,Old Trafford,Konrad Plautz
2008-2009,Quarter-finals,Wed,2009-04-08,H,Barcelona,Spain,,4,0,,Germany,Bayern Munich,Camp Nou,Howard Webb
2008-2009,Quarter-finals,Wed,2009-04-08,A,Liverpool,England,,1,3,,England,Chelsea,Anfield,Claus Bo Larsen
2008-2009,Quarter-finals,Tue,2009-04-14,D,Chelsea,England,,4,4,,England,Liverpool,Stamford Bridge,Medina Cantalejo
2008-2009,Quarter-finals,Tue,2009-04-14,D,Bayern Munich,Germany,,1,1,,Spain,Barcelona,Fußball Arena München,Roberto Rosetti
2008-2009,Quarter-finals,Wed,2009-04-15,A,Porto,Portugal,,0,1,,England,Manchester Utd,Estádio do Dragão,Massimo Busacca
2008-2009,Quarter-finals,Wed,2009-04-15,H,Arsenal,England,,3,0,,Spain,Villarreal,Arsenal Stadium,Wolfgang Stark
2008-2009,Semi-finals,Tue,2009-04-28,D,Barcelona,Spain,,0,0,,England,Chelsea,Camp Nou,Wolfgang Stark
2008-2009,Semi-finals,Wed,2009-04-29,H,Manchester Utd,England,,1,0,,England,Arsenal,Old Trafford,Claus Bo Larsen
2008-2009,Semi-finals,Tue,2009-05-05,A,Arsenal,England,,1,3,,England,Manchester Utd,Arsenal Stadium,Roberto Rosetti
2008-2009,Semi-finals,Wed,2009-05-06,D,Chelsea,England,,1,1,,Spain,Barcelona,Stamford Bridge,Tom Henning Øvrebø
2008-2009,Final,Wed,2009-05-27,H,Barcelona,Spain,,2,0,,England,Manchester Utd,Stadio Olimpico (Neutral Site),Massimo Busacca
2007-2008,Round of 16,Tue,2008-02-19,H,Schalke 04,Germany,,1,0,,Portugal,Porto,Arena AufSchalke,Laurent Duhamel
2007-2008,Round of 16,Tue,2008-02-19,H,Liverpool,England,,2,0,,Italy,Inter,Anfield,Frank de Bleeckere
2007-2008,Round of 16,Tue,2008-02-19,H,Roma,Italy,,2,1,,Spain,Real Madrid,Stadio Olimpico,Herbert Fandel
2007-2008,Round of 16,Tue,2008-02-19,D,Olympiacos,Greece,,0,0,,England,Chelsea,Stadio Georgios Karaiskakis,Konrad Plautz
2007-2008,Round of 16,Wed,2008-02-20,D,Arsenal,England,,0,0,,Italy,Milan,Arsenal Stadium,Claus Bo Larsen
2007-2008,Round of 16,Wed,2008-02-20,A,Celtic,Scotland,,2,3,,Spain,Barcelona,Celtic Park,Peter Fröjdfeldt
2007-2008,Round of 16,Wed,2008-02-20,H,Fenerbahçe,Türkiye,,3,2,,Spain,Sevilla,Şükrü Saracoğlu,Florian Meyer
2007-2008,Round of 16,Wed,2008-02-20,D,Lyon,France,,1,1,,England,Manchester Utd,Stade de Gerland,Medina Cantalejo
2007-2008,Round of 16,Tue,2008-03-04,H,Manchester Utd,England,,1,0,,France,Lyon,Old Trafford,Roberto Rosetti
2007-2008,Round of 16,Tue,2008-03-04,H,Sevilla,Spain,,3,2,,Türkiye,Fenerbahçe,Estadio Ramón Sánchez Pizjuán,Massimo Busacca
2007-2008,Round of 16,Tue,2008-03-04,A,Milan,Italy,,0,2,,England,Arsenal,Stadio Giuseppe Meazza,Konrad Plautz
2007-2008,Round of 16,Tue,2008-03-04,H,Barcelona,Spain,,1,0,,Scotland,Celtic,Camp Nou,Pieter Vink
2007-2008,Round of 16,Wed,2008-03-05,H,Porto,Portugal,,1,0,,Germany,Schalke 04,Estádio do Dragão,Howard Webb
2007-2008,Round of 16,Wed,2008-03-05,H,Chelsea,England,,3,0,,Greece,Olympiacos,Stamford Bridge,Mejuto González
2007-2008,Round of 16,Wed,2008-03-05,A,Real Madrid,Spain,,1,2,,Italy,Roma,Estadio Santiago Bernabéu,Kyros Vassaras
2007-2008,Round of 16,Tue,2008-03-11,A,Inter,Italy,,0,1,,England,Liverpool,Stadio Giuseppe Meazza,Tom Henning Øvrebø
2007-2008,Quarter-finals,Tue,2008-04-01,A,Schalke 04,Germany,,0,1,,Spain,Barcelona,Arena AufSchalke,Kyros Vassaras
2007-2008,Quarter-finals,Tue,2008-04-01,A,Roma,Italy,,0,2,,England,Manchester Utd,Stadio Olimpico,Frank de Bleeckere
2007-2008,Quarter-finals,Wed,2008-04-02,D,Arsenal,England,,1,1,,England,Liverpool,Arsenal Stadium,Pieter Vink
2007-2008,Quarter-finals,Wed,2008-04-02,H,Fenerbahçe,Türkiye,,2,1,,England,Chelsea,Şükrü Saracoğlu,Claus Bo Larsen
2007-2008,Quarter-finals,Tue,2008-04-08,H,Chelsea,England,,2,0,,Türkiye,Fenerbahçe,Stamford Bridge,Herbert Fandel
2007-2008,Quarter-finals,Tue,2008-04-08,H,Liverpool,England,,4,2,,England,Arsenal,Anfield,Peter Fröjdfeldt
2007-2008,Quarter-finals,Wed,2008-04-09,H,Barcelona,Spain,,1,0,,Germany,Schalke 04,Camp Nou,Roberto Rosetti
2007-2008,Quarter-finals,Wed,2008-04-09,H,Manchester Utd,England,,1,0,,Italy,Roma,Old Trafford,Tom Henning Øvrebø
2007-2008,Semi-finals,Tue,2008-04-22,D,Liverpool,England,,1,1,,England,Chelsea,Anfield,Konrad Plautz
2007-2008,Semi-finals,Wed,2008-04-23,D,Barcelona,Spain,,0,0,,England,Manchester Utd,Camp Nou,Massimo Busacca
2007-2008,Semi-finals,Tue,2008-04-29,H,Manchester Utd,England,,1,0,,Spain,Barcelona,Old Trafford,Herbert Fandel
2007-2008,Semi-finals,Wed,2008-04-30,H,Chelsea,England,,3,2,,England,Liverpool,Stamford Bridge,Roberto Rosetti
2007-2008,Final,Wed,2008-05-21,D,Manchester Utd,England,,1,1,,England,Chelsea,Stadion Luzhniki (Neutral Site),Ľuboš Michel
2006-2007,Round of 16,Tue,2007-02-20,A,Lille,France,,0,1,,England,Manchester Utd,Stade Félix,Eric Braamhaar
2006-2007,Round of 16,Tue,2007-02-20,H,Real Madrid,Spain,,3,2,,Germany,Bayern Munich,Estadio Santiago Bernabéu,Frank de Bleeckere
2006-2007,Round of 16,Tue,2007-02-20,D,Celtic,Scotland,,0,0,,Italy,Milan,Celtic Park,Terje Hauge
2006-2007,Round of 16,Tue,2007-02-20,H,PSV Eindhoven,The Netherlands,,1,0,,England,Arsenal,PSV Stadion,Tom Henning Øvrebø
2006-2007,Round of 16,Wed,2007-02-21,D,Porto,Portugal,,1,1,,England,Chelsea,Estádio do Dragão,Massimo Busacca
2006-2007,Round of 16,Wed,2007-02-21,A,Barcelona,Spain,,1,2,,England,Liverpool,Camp Nou,Kyros Vassaras
2006-2007,Round of 16,Wed,2007-02-21,D,Roma,Italy,,0,0,,France,Lyon,Stadio Olimpico,Mike Riley
2006-2007,Round of 16,Wed,2007-02-21,D,Inter,Italy,,2,2,,Spain,Valencia,Stadio Giuseppe Meazza,Martin Hansson
2006-2007,Round of 16,Tue,2007-03-06,H,Chelsea,England,,2,1,,Portugal,Porto,Stamford Bridge,Roberto Rosetti
2006-2007,Round of 16,Tue,2007-03-06,A,Liverpool,England,,0,1,,Spain,Barcelona,Anfield,Herbert Fandel
2006-2007,Round of 16,Tue,2007-03-06,D,Valencia,Spain,,0,0,,Italy,Inter,Estadi de Mestalla,Wolfgang Stark
2006-2007,Round of 16,Tue,2007-03-06,A,Lyon,France,,0,2,,Italy,Roma,Stade de Gerland,Mejuto González
2006-2007,Round of 16,Wed,2007-03-07,H,Manchester Utd,England,,1,0,,France,Lille,Old Trafford,Medina Cantalejo
2006-2007,Round of 16,Wed,2007-03-07,D,Arsenal,England,,1,1,,The Netherlands,PSV Eindhoven,Arsenal Stadium,Alain Hamer
2006-2007,Round of 16,Wed,2007-03-07,H,Bayern Munich,Germany,,2,1,,Spain,Real Madrid,Fußball Arena München,Ľuboš Michel
2006-2007,Round of 16,Wed,2007-03-07,H,Milan,Italy,,1,0,,Scotland,Celtic,Stadio Giuseppe Meazza,Konrad Plautz
2006-2007,Quarter-finals,Tue,2007-04-03,D,Milan,Italy,,2,2,,Germany,Bayern Munich,Stadio Giuseppe Meazza,Iouri Baskakov
2006-2007,Quarter-finals,Tue,2007-04-03,A,PSV Eindhoven,The Netherlands,,0,3,,England,Liverpool,PSV Stadion,Bertrand Layec
2006-2007,Quarter-finals,Wed,2007-04-04,D,Chelsea,England,,1,1,,Spain,Valencia,Stamford Bridge,Frank de Bleeckere
2006-2007,Quarter-finals,Wed,2007-04-04,H,Roma,Italy,,2,1,,England,Manchester Utd,Stadio Olimpico,Herbert Fandel
2006-2007,Quarter-finals,Tue,2007-04-10,H,Manchester Utd,England,,7,1,,Italy,Roma,Old Trafford,Ľuboš Michel
2006-2007,Quarter-finals,Tue,2007-04-10,A,Valencia,Spain,,1,2,,England,Chelsea,Estadi de Mestalla,Kyros Vassaras
2006-2007,Quarter-finals,Wed,2007-04-11,A,Bayern Munich,Germany,,0,2,,Italy,Milan,Fußball Arena München,Mejuto González
2006-2007,Quarter-finals,Wed,2007-04-11,H,Liverpool,England,,1,0,,The Netherlands,PSV Eindhoven,Anfield,Roberto Rosetti
2006-2007,Semi-finals,Tue,2007-04-24,H,Manchester Utd,England,,3,2,,Italy,Milan,Old Trafford,Kyros Vassaras
2006-2007,Semi-finals,Wed,2007-04-25,H,Chelsea,England,,1,0,,England,Liverpool,Stamford Bridge,Markus Merk
2006-2007,Semi-finals,Tue,2007-05-01,H,Liverpool,England,,1,0,,England,Chelsea,Anfield,Mejuto González
2006-2007,Semi-finals,Wed,2007-05-02,H,Milan,Italy,,3,0,,England,Manchester Utd,Stadio Giuseppe Meazza,Frank de Bleeckere
2006-2007,Final,Wed,2007-05-23,H,Milan,Italy,,2,1,,England,Liverpool,OAKA Spiros Louis (Neutral Site),Herbert Fandel
2005-2006,Round of 16,Tue,2006-02-21,H,Benfica,Portugal,,1,0,,England,Liverpool,Estádio do Sport Lisboa e Benfica,Konrad Plautz
2005-2006,Round of 16,Tue,2006-02-21,A,Real Madrid,Spain,,0,1,,England,Arsenal,Estadio Santiago Bernabéu,Stefano Farina
2005-2006,Round of 16,Tue,2006-02-21,D,Bayern Munich,Germany,,1,1,,Italy,Milan,Fußball Arena München,Frank de Bleeckere
2005-2006,Round of 16,Tue,2006-02-21,A,PSV Eindhoven,The Netherlands,,0,1,,France,Lyon,PSV Stadion,Kyros Vassaras
2005-2006,Round of 16,Wed,2006-02-22,D,Ajax,The Netherlands,,2,2,,Italy,Inter,Amsterdam ArenA,Wolfgang Stark
2005-2006,Round of 16,Wed,2006-02-22,D,Rangers,Scotland,,2,2,,Spain,Villarreal,Ibrox Stadium,Éric Poulat
2005-2006,Round of 16,Wed,2006-02-22,A,Chelsea,England,,1,2,,Spain,Barcelona,Stamford Bridge,Terje Hauge
2005-2006,Round of 16,Wed,2006-02-22,H,Werr Bremen,Germany,,3,2,,Italy,Juventus,Weserstadion,Mejuto González
2005-2006,Round of 16,Tue,2006-03-07,D,Barcelona,Spain,,1,1,,England,Chelsea,Camp Nou,Markus Merk
2005-2006,Round of 16,Tue,2006-03-07,H,Juventus,Italy,,2,1,,Germany,Werr Bremen,Delle Alpi,Graham Poll
2005-2006,Round of 16,Tue,2006-03-07,D,Villarreal,Spain,,1,1,,Scotland,Rangers,Estadio El Madrigal,Alain Hamer
2005-2006,Round of 16,Wed,2006-03-08,D,Arsenal,England,,0,0,,Spain,Real Madrid,Highbury,Ľuboš Michel
2005-2006,Round of 16,Wed,2006-03-08,H,Lyon,France,,4,0,,The Netherlands,PSV Eindhoven,Stade de Gerland,Mike Riley
2005-2006,Round of 16,Wed,2006-03-08,H,Milan,Italy,,4,1,,Germany,Bayern Munich,Stadio Giuseppe Meazza,Valentin Ivanov
2005-2006,Round of 16,Wed,2006-03-08,A,Liverpool,England,,0,2,,Portugal,Benfica,Anfield,Massimo De Santis
2005-2006,Round of 16,Tue,2006-03-14,H,Inter,Italy,,1,0,,The Netherlands,Ajax,Stadio Giuseppe Meazza,Peter Fröjdfeldt
2005-2006,Quarter-finals,Tue,2006-03-28,H,Arsenal,England,,2,0,,Italy,Juventus,Highbury,Peter Fröjdfeldt
2005-2006,Quarter-finals,Tue,2006-03-28,D,Benfica,Portugal,,0,0,,Spain,Barcelona,Estádio do Sport Lisboa e Benfica,Stephen Bennett
2005-2006,Quarter-finals,Wed,2006-03-29,H,Inter,Italy,,2,1,,Spain,Villarreal,Stadio Giuseppe Meazza,Alain Sars
2005-2006,Quarter-finals,Wed,2006-03-29,D,Lyon,France,,0,0,,Italy,Milan,Stade de Gerland,Konrad Plautz
2005-2006,Quarter-finals,Tue,2006-04-04,H,Villarreal,Spain,,1,0,,Italy,Inter,Estadio El Madrigal,Kyros Vassaras
2005-2006,Quarter-finals,Tue,2006-04-04,H,Milan,Italy,,3,1,,France,Lyon,Stadio Giuseppe Meazza,Terje Hauge
2005-2006,Quarter-finals,Wed,2006-04-05,H,Barcelona,Spain,,2,0,,Portugal,Benfica,Camp Nou,Ľuboš Michel
2005-2006,Quarter-finals,Wed,2006-04-05,D,Juventus,Italy,,0,0,,England,Arsenal,Delle Alpi,Herbert Fandel
2005-2006,Semi-finals,Tue,2006-04-18,A,Milan,Italy,,0,1,,Spain,Barcelona,Stadio Giuseppe Meazza,Alain Sars
2005-2006,Semi-finals,Wed,2006-04-19,H,Arsenal,England,,1,0,,Spain,Villarreal,Highbury,Konrad Plautz
2005-2006,Semi-finals,Tue,2006-04-25,D,Villarreal,Spain,,0,0,,England,Arsenal,Estadio El Madrigal,Valentin Ivanov
2005-2006,Semi-finals,Wed,2006-04-26,D,Barcelona,Spain,,0,0,,Italy,Milan,Camp Nou,Markus Merk
2005-2006,Final,Wed,2006-05-17,H,Barcelona,Spain,,2,1,,England,Arsenal,Stade de France (Neutral Site),Terje Hauge
2004-2005,Round of 16,Tue,2005-02-22,H,Liverpool,England,,3,1,,Germany,Leverkusen,Anfield,Kyros Vassaras
2004-2005,Round of 16,Tue,2005-02-22,H,Real Madrid,Spain,,1,0,,Italy,Juventus,Estadio Santiago Bernabéu,Ľuboš Michel
2004-2005,Round of 16,Tue,2005-02-22,H,PSV Eindhoven,The Netherlands,,1,0,,France,Monaco,PSV Stadion,Medina Cantalejo
2004-2005,Round of 16,Tue,2005-02-22,H,Bayern Munich,Germany,,3,1,,England,Arsenal,Olympiastadion,Kim Milton Nielsen
2004-2005,Round of 16,Wed,2005-02-23,D,Porto,Portugal,,1,1,,Italy,Inter,Estádio do Dragão,Graham Poll
2004-2005,Round of 16,Wed,2005-02-23,H,Barcelona,Spain,,2,1,,England,Chelsea,Camp Nou,Anders Frisk
2004-2005,Round of 16,Wed,2005-02-23,A,Manchester Utd,England,,0,1,,Italy,Milan,Old Trafford,Mejuto González
2004-2005,Round of 16,Wed,2005-02-23,A,Werr Bremen,Germany,,0,3,,France,Lyon,Weserstadion,Frank de Bleeckere
2004-2005,Round of 16,Tue,2005-03-08,H,Milan,Italy,,1,0,,England,Manchester Utd,Stadio Giuseppe Meazza,Herbert Fandel
2004-2005,Round of 16,Tue,2005-03-08,H,Chelsea,England,,4,2,,Spain,Barcelona,Stamford Bridge,Pierluigi Collina
2004-2005,Round of 16,Tue,2005-03-08,H,Lyon,France,,7,2,,Germany,Werr Bremen,Stade de Gerland,Valentin Ivanov
2004-2005,Round of 16,Wed,2005-03-09,H,Arsenal,England,,1,0,,Germany,Bayern Munich,Highbury,Massimo De Santis
2004-2005,Round of 16,Wed,2005-03-09,H,Juventus,Italy,,2,0,,Spain,Real Madrid,Delle Alpi,Markus Merk
2004-2005,Round of 16,Wed,2005-03-09,A,Monaco,France,,0,2,,The Netherlands,PSV Eindhoven,Stade Louis II,Stephen Bennett
2004-2005,Round of 16,Wed,2005-03-09,A,Leverkusen,Germany,,1,3,,England,Liverpool,BayArena,Alain Sars
2004-2005,Round of 16,Tue,2005-03-15,H,Inter,Italy,,3,1,,Portugal,Porto,Stadio Giuseppe Meazza,Terje Hauge
2004-2005,Quarter-finals,Tue,2005-04-05,D,Lyon,France,,1,1,,The Netherlands,PSV Eindhoven,Stade de Gerland,Pierluigi Collina
2004-2005,Quarter-finals,Tue,2005-04-05,H,Liverpool,England,,2,1,,Italy,Juventus,Anfield,Frank de Bleeckere
2004-2005,Quarter-finals,Wed,2005-04-06,H,Milan,Italy,,2,0,,Italy,Inter,Stadio Giuseppe Meazza,Alain Sars
2004-2005,Quarter-finals,Wed,2005-04-06,H,Chelsea,England,,4,2,,Germany,Bayern Munich,Stamford Bridge,René Temmink
2004-2005,Quarter-finals,Tue,2005-04-12,H,Bayern Munich,Germany,,3,2,,England,Chelsea,Olympiastadion,Mejuto González
2004-2005,Quarter-finals,Tue,2005-04-12,A,Inter,Italy,,0,3,,Italy,Milan,Stadio Giuseppe Meazza,Markus Merk
2004-2005,Quarter-finals,Wed,2005-04-13,D,Juventus,Italy,,0,0,,England,Liverpool,Delle Alpi,Valentin Ivanov
2004-2005,Quarter-finals,Wed,2005-04-13,D,PSV Eindhoven,The Netherlands,,1,1,,France,Lyon,PSV Stadion,Kim Milton Nielsen
2004-2005,Semi-finals,Tue,2005-04-26,H,Milan,Italy,,2,0,,The Netherlands,PSV Eindhoven,Stadio Giuseppe Meazza,Kyros Vassaras
2004-2005,Semi-finals,Wed,2005-04-27,D,Chelsea,England,,0,0,,England,Liverpool,Stamford Bridge,Alain Sars
2004-2005,Semi-finals,Tue,2005-05-03,H,Liverpool,England,,1,0,,England,Chelsea,Anfield,Ľuboš Michel
2004-2005,Semi-finals,Wed,2005-05-04,H,PSV Eindhoven,The Netherlands,,3,1,,Italy,Milan,PSV Stadion,Terje Hauge
2004-2005,Final,Wed,2005-05-25,D,Milan,Italy,,3,3,,England,Liverpool,Atatürk Olimpiyat Stadium (Neutral Site),Mejuto González
2003-2004,Round of 16,Tue,2004-02-24,A,Celta Vigo,Spain,,2,3,,England,Arsenal,Balaídos,Anders Frisk
2003-2004,Round of 16,Tue,2004-02-24,D,Bayern Munich,Germany,,1,1,,Spain,Real Madrid,Olympiastadion,Terje Hauge
2003-2004,Round of 16,Tue,2004-02-24,D,Sparta Prague,Czech Republic,,0,0,,Italy,Milan,Stadion Letná,Graham Poll
2003-2004,Round of 16,Tue,2004-02-24,H,Loko Moscow,Russia,,2,1,,France,Monaco,Stadion Lokomotiv,Mejuto González
2003-2004,Round of 16,Wed,2004-02-25,H,Porto,Portugal,,2,1,,England,Manchester Utd,Estádio do Dragão,Herbert Fandel
2003-2004,Round of 16,Wed,2004-02-25,A,Real Sociedad,Spain,,0,1,,France,Lyon,Anoeta,Massimo De Santis
2003-2004,Round of 16,Wed,2004-02-25,A,Stuttgart,Germany,,0,1,,England,Chelsea,VfB Arena,Kyros Vassaras
2003-2004,Round of 16,Wed,2004-02-25,H,La Coruña,Spain,,1,0,,Italy,Juventus,Estadio Municipal de Riazor,Gilles Veissière
2003-2004,Round of 16,Tue,2004-03-09,H,Lyon,France,,1,0,,Spain,Real Sociedad,Stade de Gerland,Mike Riley
2003-2004,Round of 16,Tue,2004-03-09,D,Manchester Utd,England,,1,1,,Portugal,Porto,Old Trafford,Valentin Ivanov
2003-2004,Round of 16,Tue,2004-03-09,A,Juventus,Italy,,0,1,,Spain,La Coruña,Delle Alpi,Ľuboš Michel
2003-2004,Round of 16,Tue,2004-03-09,D,Chelsea,England,,0,0,,Germany,Stuttgart,Stamford Bridge,Kim Milton Nielsen
2003-2004,Round of 16,Wed,2004-03-10,H,Arsenal,England,,2,0,,Spain,Celta Vigo,Highbury,Pierluigi Collina
2003-2004,Round of 16,Wed,2004-03-10,H,Milan,Italy,,4,1,,Czech Republic,Sparta Prague,Stadio Giuseppe Meazza,Markus Merk
2003-2004,Round of 16,Wed,2004-03-10,H,Monaco,France,,1,0,,Russia,Loko Moscow,Stade Louis II,Lucílio Batista
2003-2004,Round of 16,Wed,2004-03-10,H,Real Madrid,Spain,,1,0,,Germany,Bayern Munich,Estadio Santiago Bernabéu,Urs Meier
2003-2004,Quarter-finals,Tue,2004-03-23,H,Porto,Portugal,,2,0,,France,Lyon,Estádio do Dragão,Terje Hauge
2003-2004,Quarter-finals,Tue,2004-03-23,H,Milan,Italy,,4,1,,Spain,La Coruña,Stadio Giuseppe Meazza,Valentin Ivanov
2003-2004,Quarter-finals,Wed,2004-03-24,D,Chelsea,England,,1,1,,England,Arsenal,Stamford Bridge,Mejuto González
2003-2004,Quarter-finals,Wed,2004-03-24,H,Real Madrid,Spain,,4,2,,France,Monaco,Estadio Santiago Bernabéu,Ľuboš Michel
2003-2004,Quarter-finals,Tue,2004-04-06,H,Monaco,France,,3,1,,Spain,Real Madrid,Stade Louis II,Pierluigi Collina
2003-2004,Quarter-finals,Tue,2004-04-06,A,Arsenal,England,,1,2,,England,Chelsea,Highbury,Markus Merk
2003-2004,Quarter-finals,Wed,2004-04-07,D,Lyon,France,,2,2,,Portugal,Porto,Stade de Gerland,Anders Frisk
2003-2004,Quarter-finals,Wed,2004-04-07,H,La Coruña,Spain,,4,0,,Italy,Milan,Estadio Municipal de Riazor,Urs Meier
2003-2004,Semi-finals,Tue,2004-04-20,H,Monaco,France,,3,1,,England,Chelsea,Stade Louis II,Urs Meier
2003-2004,Semi-finals,Wed,2004-04-21,D,Porto,Portugal,,0,0,,Spain,La Coruña,Estádio do Dragão,Markus Merk
2003-2004,Semi-finals,Tue,2004-05-04,A,La Coruña,Spain,,0,1,,Portugal,Porto,Estadio Municipal de Riazor,Pierluigi Collina
2003-2004,Semi-finals,Wed,2004-05-05,D,Chelsea,England,,2,2,,France,Monaco,Stamford Bridge,Anders Frisk
2003-2004,Final,Wed,2004-05-26,A,Monaco,France,,0,3,,Portugal,Porto,Arena AufSchalke (Neutral Site),Kim Milton Nielsen
